timestamp,open,high,low,close,volume
2026-05-26 01:00:00,76750.1,76879.2,76550.0,76717.8,4014.825
2026-05-26 02:00:00,76717.8,76790.0,76472.6,76630.7,3663.677
2026-05-26 03:00:00,76630.8,76685.0,76434.0,76629.0,2990.608
2026-05-26 04:00:00,76629.0,76784.4,76569.8,76713.9,2832.751
2026-05-26 05:00:00,76713.9,76950.0,76668.2,76887.3,2859.933
2026-05-26 06:00:00,76887.4,77045.9,76735.2,76869.8,3362.296
2026-05-26 07:00:00,76869.9,76886.6,76556.9,76685.1,3492.107
2026-05-26 08:00:00,76685.0,76819.7,76652.4,76687.9,1834.031
2026-05-26 09:00:00,76687.8,76779.2,76606.0,76641.0,2007.84
2026-05-26 10:00:00,76640.9,77600.0,76543.8,77398.6,12291.589
2026-05-26 11:00:00,77398.7,77477.7,77136.2,77153.9,4704.8
2026-05-26 12:00:00,77153.8,77200.0,76847.8,77098.9,5875.831
2026-05-26 13:00:00,77098.9,77432.6,76641.7,77199.2,10219.396
2026-05-26 14:00:00,77199.2,78077.1,76682.3,76873.6,32872.397
2026-05-26 15:00:00,76873.6,76983.4,76234.7,76478.2,17760.011
2026-05-26 16:00:00,76478.2,76678.7,76171.0,76534.6,8964.023
2026-05-26 17:00:00,76534.7,76624.9,75809.5,75909.6,15095.075
2026-05-26 18:00:00,75909.6,76296.7,75711.0,75822.6,7810.546
2026-05-26 19:00:00,75822.6,76080.0,75782.0,76028.3,3462.471
2026-05-26 20:00:00,76028.4,76157.8,75960.2,76082.0,2352.054
2026-05-26 21:00:00,76081.9,76092.3,75822.6,75864.0,1938.109
2026-05-26 22:00:00,75864.0,75975.6,75641.2,75729.6,4011.581
2026-05-26 23:00:00,75729.7,75962.0,75729.7,75905.5,2666.844
2026-05-27 00:00:00,75905.6,76069.0,75854.9,76055.3,3043.727
2026-05-27 01:00:00,76055.3,76083.9,75794.9,75846.6,2849.437
2026-05-27 02:00:00,75846.6,75868.1,75654.8,75850.9,2802.311
2026-05-27 03:00:00,75850.9,75940.0,75555.1,75635.6,3565.669
2026-05-27 04:00:00,75635.6,75680.1,75277.8,75542.9,8840.36
2026-05-27 05:00:00,75543.0,75708.6,75539.9,75676.4,3364.243
2026-05-27 06:00:00,75676.4,75864.4,75649.1,75800.0,2659.38
2026-05-27 07:00:00,75800.0,75940.0,75721.4,75935.0,3278.243
2026-05-27 08:00:00,75935.0,76038.0,75800.0,75838.4,3812.843
2026-05-27 09:00:00,75838.5,75943.7,75666.0,75875.6,3099.093
2026-05-27 10:00:00,75875.7,76010.2,75835.0,75863.7,2498.476
2026-05-27 11:00:00,75863.8,75992.2,75723.6,75737.9,2781.79
2026-05-27 12:00:00,75737.9,76155.5,75541.0,75655.0,8053.742
2026-05-27 13:00:00,75654.9,75735.6,74835.0,75054.3,20743.151
2026-05-27 14:00:00,75054.3,75250.0,74735.7,75000.7,13749.777
2026-05-27 15:00:00,75000.7,75485.9,74950.1,75300.0,8717.531
2026-05-27 16:00:00,75300.0,75382.6,74961.0,75273.9,5753.912
2026-05-27 17:00:00,75273.9,75316.8,74645.0,74838.2,8594.176
2026-05-27 18:00:00,74838.2,75007.9,74632.0,75000.0,4699.102
2026-05-27 19:00:00,75000.0,75077.6,74920.0,75039.9,3599.445
2026-05-27 20:00:00,75039.8,75391.0,75022.4,75237.6,3476.208
2026-05-27 21:00:00,75237.6,75237.6,74300.1,74439.9,10168.63
2026-05-27 22:00:00,74440.0,74742.7,74218.2,74390.0,8980.344
2026-05-27 23:00:00,74389.9,74545.8,74210.0,74418.1,5583.871
2026-05-28 00:00:00,74418.0,74555.5,74336.7,74541.6,3138.599
2026-05-28 01:00:00,74541.7,74565.3,74100.0,74313.0,5741.343
2026-05-28 02:00:00,74313.0,74373.6,74081.9,74256.6,3652.024
2026-05-28 03:00:00,74256.6,74355.6,73036.0,73224.5,31055.812
2026-05-28 04:00:00,73224.4,73240.0,72667.9,73145.1,15398.619
2026-05-28 05:00:00,73145.1,73145.1,72872.5,72959.9,5389.586
2026-05-28 06:00:00,72960.0,73182.2,72729.2,73170.9,7675.794
2026-05-28 07:00:00,73171.0,73485.0,73113.2,73467.0,6114.88
2026-05-28 08:00:00,73467.0,73474.8,73167.4,73294.0,3701.156
2026-05-28 09:00:00,73293.9,73535.7,73230.0,73514.1,3180.086
2026-05-28 10:00:00,73514.0,73592.1,73316.5,73375.2,4263.274
2026-05-28 11:00:00,73375.3,73510.0,73280.7,73479.1,2762.54
2026-05-28 12:00:00,73479.0,73555.0,73221.6,73496.5,4128.714
2026-05-28 13:00:00,73496.4,73549.9,72739.2,72988.5,13507.443
2026-05-28 14:00:00,72988.5,73557.3,72556.0,72997.5,27209.387
2026-05-28 15:00:00,72997.4,73155.4,72662.2,72899.1,6242.022
2026-05-28 16:00:00,72899.0,73415.0,72704.0,73415.0,7672.331
2026-05-28 17:00:00,73414.9,73722.5,73280.0,73518.2,7308.713
2026-05-28 18:00:00,73518.2,73723.0,73474.9,73626.4,3740.6
2026-05-28 19:00:00,73626.4,73626.5,73336.0,73393.5,3831.301
2026-05-28 20:00:00,73393.4,73698.6,73212.3,73553.5,4473.723
2026-05-28 21:00:00,73553.5,73900.0,73535.0,73796.3,3755.034
2026-05-28 22:00:00,73796.3,73932.2,73423.4,73448.7,3684.541
2026-05-28 23:00:00,73448.7,73695.0,73448.7,73591.4,1818.155
2026-05-29 00:00:00,73591.4,73834.6,73591.4,73693.8,2940.584
2026-05-29 01:00:00,73693.9,73844.0,73430.5,73558.5,3074.38
2026-05-29 02:00:00,73558.5,73616.9,73158.8,73201.9,3531.777
2026-05-29 03:00:00,73201.9,73434.2,73201.9,73269.2,2273.527
2026-05-29 04:00:00,73269.1,73485.7,73171.8,73466.4,2687.266
2026-05-29 05:00:00,73466.3,73682.3,73459.1,73663.0,2586.277
2026-05-29 06:00:00,73663.0,73908.6,73599.6,73752.5,3791.082
2026-05-29 07:00:00,73752.5,73797.3,73333.0,73488.0,6589.026
2026-05-29 08:00:00,73488.1,73799.8,73480.1,73625.2,3720.672
2026-05-29 09:00:00,73625.1,73866.8,73615.0,73707.8,3377.656
2026-05-29 10:00:00,73707.8,73709.3,73556.1,73601.9,2012.414
2026-05-29 11:00:00,73601.9,73662.3,73305.1,73447.6,2660.912
2026-05-29 12:00:00,73447.5,73447.5,73166.0,73260.0,4671.173
2026-05-29 13:00:00,73260.1,73320.0,72866.0,73114.6,10431.33
2026-05-29 14:00:00,73114.6,73206.8,72436.0,73065.8,17958.003
2026-05-29 15:00:00,73065.8,74177.0,72970.1,73775.4,26414.41
2026-05-29 16:00:00,73775.4,74124.0,73528.5,74022.0,10671.356
2026-05-29 17:00:00,74022.1,74293.1,73876.1,73954.3,9236.416
2026-05-29 18:00:00,73954.7,74040.3,73057.8,73343.0,11357.399
2026-05-29 19:00:00,73342.9,73693.6,73207.3,73489.0,5063.897
2026-05-29 20:00:00,73489.0,73735.2,73474.2,73644.9,2733.462
2026-05-29 21:00:00,73644.9,73829.2,73369.9,73385.3,2960.778
2026-05-29 22:00:00,73385.2,73537.6,73344.6,73446.5,2819.48
2026-05-29 23:00:00,73446.5,73478.3,73279.3,73428.2,2593.905
2026-05-30 00:00:00,73428.2,73545.3,73367.3,73463.3,2044.48
2026-05-30 01:00:00,73463.3,73625.9,73430.9,73623.6,1904.226
2026-05-30 02:00:00,73623.6,73747.6,73575.0,73747.4,1656.896
2026-05-30 03:00:00,73747.4,73757.9,73485.0,73492.4,2342.889
2026-05-30 04:00:00,73492.4,73549.7,73130.1,73365.9,5392.981
2026-05-30 05:00:00,73365.9,73671.2,73309.4,73567.5,3787.971
2026-05-30 06:00:00,73567.5,73685.0,73492.0,73550.7,1817.693
2026-05-30 07:00:00,73550.7,73555.0,73448.4,73513.9,1146.127
2026-05-30 08:00:00,73514.0,73527.7,73471.0,73491.6,936.345
2026-05-30 09:00:00,73491.7,73590.3,73470.5,73576.8,1025.741
2026-05-30 10:00:00,73576.8,73648.0,73558.0,73615.4,1539.798
2026-05-30 11:00:00,73615.4,73619.8,73529.1,73567.9,983.089
2026-05-30 12:00:00,73568.0,73697.2,73556.4,73661.5,1208.698
2026-05-30 13:00:00,73661.5,73814.2,73638.2,73805.0,3299.249
2026-05-30 14:00:00,73804.9,74078.6,73783.5,73901.0,6239.784
2026-05-30 15:00:00,73901.0,74011.2,73803.1,73888.0,2752.922
2026-05-30 16:00:00,73888.0,73949.4,73844.3,73899.9,1681.044
2026-05-30 17:00:00,73900.0,73989.9,73772.5,73982.0,2549.851
2026-05-30 18:00:00,73982.0,74108.8,73899.0,74007.5,2577.946
2026-05-30 19:00:00,74007.5,74045.0,73934.9,73980.1,1515.724
2026-05-30 20:00:00,73980.0,73986.2,73888.5,73944.5,1402.262
2026-05-30 21:00:00,73944.4,74028.3,73888.1,73954.8,1396.51
2026-05-30 22:00:00,73954.8,73954.8,73755.6,73849.8,1581.454
2026-05-30 23:00:00,73849.8,73971.5,73750.0,73856.8,1760.006
2026-05-31 00:00:00,73856.9,74013.8,73821.4,74003.7,1656.714
2026-05-31 01:00:00,74003.7,74250.0,73991.1,74021.1,3923.269
2026-05-31 02:00:00,74021.2,74211.4,73839.0,74060.9,3386.507
2026-05-31 03:00:00,74061.0,74200.0,74030.7,74107.6,1568.561
2026-05-31 04:00:00,74107.5,74194.6,74061.8,74144.3,1527.358
2026-05-31 05:00:00,74144.3,74180.1,74018.1,74027.9,1185.69
2026-05-31 06:00:00,74027.8,74077.5,73958.1,74020.0,1375.184
2026-05-31 07:00:00,74020.1,74020.1,73793.2,73833.3,2630.692
2026-05-31 08:00:00,73833.2,73952.9,73816.8,73913.4,2101.272
2026-05-31 09:00:00,73913.4,73998.9,73779.8,73814.5,1278.977
2026-05-31 10:00:00,73814.6,73875.6,73701.0,73871.5,1881.903
2026-05-31 11:00:00,73871.5,73949.0,73868.4,73913.6,1037.673
2026-05-31 12:00:00,73913.6,73975.1,73841.6,73892.1,1075.096
2026-05-31 13:00:00,73892.2,73997.8,73770.1,73841.0,1208.222
2026-05-31 14:00:00,73841.0,73841.1,73388.0,73570.3,10243.792
2026-05-31 15:00:00,73570.2,73745.6,73550.2,73613.5,1798.301
2026-05-31 16:00:00,73613.4,73697.3,73340.7,73499.9,3882.979
2026-05-31 17:00:00,73500.0,73704.0,73431.3,73681.3,1743.969
2026-05-31 18:00:00,73681.3,73681.3,73540.2,73573.8,1074.422
2026-05-31 19:00:00,73573.7,73623.4,73417.2,73521.9,1267.919
2026-05-31 20:00:00,73521.9,73732.7,73521.9,73710.9,1887.159
2026-05-31 21:00:00,73710.9,73897.6,73590.2,73860.6,2408.604
2026-05-31 22:00:00,73860.5,73975.0,73645.6,73918.5,2766.503
2026-05-31 23:00:00,73918.6,74179.9,73470.8,73653.2,5330.693
2026-06-01 00:00:00,73653.2,74070.5,73620.0,73855.0,3770.449
2026-06-01 01:00:00,73854.9,73890.0,73235.0,73257.8,5614.578
2026-06-01 02:00:00,73257.9,73865.0,73171.0,73766.3,5651.739
2026-06-01 03:00:00,73766.2,73998.8,73692.9,73731.3,3361.378
2026-06-01 04:00:00,73731.4,73815.9,73307.7,73497.6,4968.162
2026-06-01 05:00:00,73497.5,73507.9,73283.5,73319.5,2267.135
2026-06-01 06:00:00,73319.5,73339.3,72917.0,73106.6,7954.82
2026-06-01 07:00:00,73106.6,73177.8,72668.0,72776.1,6817.045
2026-06-01 08:00:00,72776.1,72907.8,72573.5,72875.7,6995.32
2026-06-01 09:00:00,72875.8,73084.0,72801.1,72855.2,5876.471
2026-06-01 10:00:00,72855.2,72878.1,72551.0,72725.9,4945.966
2026-06-01 11:00:00,72725.9,72742.0,72188.0,72452.8,9571.993
2026-06-01 12:00:00,72452.7,72583.7,71862.6,72193.1,22210.026
2026-06-01 13:00:00,72193.2,72288.0,71350.0,71698.7,32500.86
2026-06-01 14:00:00,71698.8,71884.9,71387.6,71548.5,14314.072
2026-06-01 15:00:00,71548.5,71662.6,71035.3,71099.4,17524.364
2026-06-01 16:00:00,71099.5,71600.0,70650.9,71537.7,20585.239
2026-06-01 17:00:00,71537.7,71788.5,71438.9,71617.9,9208.61
2026-06-01 18:00:00,71617.5,71670.7,71350.1,71470.1,5092.421
2026-06-01 19:00:00,71470.1,71645.2,71358.0,71571.0,3402.005
2026-06-01 20:00:00,71571.0,71670.0,71383.8,71419.8,2339.282
2026-06-01 21:00:00,71419.7,71419.8,70911.0,71004.6,6654.354
2026-06-01 22:00:00,71004.6,71439.5,70806.0,71376.6,7396.047
2026-06-01 23:00:00,71376.7,71564.0,71199.0,71391.5,4448.792
2026-06-02 00:00:00,71391.5,71397.0,71071.5,71266.6,3758.49
2026-06-02 01:00:00,71266.5,71357.2,70555.7,70615.2,8460.939
2026-06-02 02:00:00,70612.2,70855.9,70038.0,70820.0,18148.055
2026-06-02 03:00:00,70820.0,71022.4,70768.5,70920.7,4366.617
2026-06-02 04:00:00,70920.8,71022.7,70690.1,70782.3,4111.213
2026-06-02 05:00:00,70782.3,70820.8,70222.2,70235.1,9508.479
2026-06-02 06:00:00,70235.1,70414.9,69889.1,70076.7,12658.956
2026-06-02 07:00:00,70076.6,70249.6,69666.8,70079.4,12331.391
2026-06-02 08:00:00,70079.5,70146.2,69677.6,69794.4,6528.391
2026-06-02 09:00:00,69794.4,69820.4,69277.8,69393.2,13831.28
2026-06-02 10:00:00,69393.1,69732.2,69316.5,69620.8,7571.511
2026-06-02 11:00:00,69620.9,69635.0,69364.1,69430.2,3599.617
2026-06-02 12:00:00,69430.2,69514.6,68955.0,68985.5,12233.401
2026-06-02 13:00:00,68985.4,69171.0,68736.0,68788.9,18381.657
2026-06-02 14:00:00,68788.9,68818.4,67573.5,67990.0,44046.045
2026-06-02 15:00:00,67989.9,68075.0,67035.5,67274.0,32842.651
2026-06-02 16:00:00,67274.0,68121.9,67196.2,67393.0,26315.425
2026-06-02 17:00:00,67393.1,67821.9,67345.0,67466.0,9351.26
2026-06-02 18:00:00,67466.0,67641.6,67088.0,67315.5,7382.764
2026-06-02 19:00:00,67315.5,67474.2,66388.0,67286.7,27447.846
2026-06-02 20:00:00,67286.7,67687.4,66880.1,67556.0,12855.437
2026-06-02 21:00:00,67556.0,67899.9,67373.5,67532.1,8980.536
2026-06-02 22:00:00,67532.1,67532.1,66210.0,66354.2,21317.088
2026-06-02 23:00:00,66354.3,66844.8,66150.7,66730.0,20673.103
2026-06-03 00:00:00,66730.1,67195.7,66620.4,66900.2,14643.212
2026-06-03 01:00:00,66900.3,67010.0,66442.0,66890.8,10585.483
2026-06-03 02:00:00,66890.8,66913.0,66547.4,66588.0,4630.414
2026-06-03 03:00:00,66588.0,66635.0,65359.1,65818.4,29211.393
2026-06-03 04:00:00,65818.3,66594.7,65791.4,66439.2,13975.579
2026-06-03 05:00:00,66439.1,67380.0,66439.1,67290.2,22670.597
2026-06-03 06:00:00,67290.2,67493.8,66913.1,66949.3,10542.247
2026-06-03 07:00:00,66949.4,67299.9,66828.5,67186.7,6907.108
2026-06-03 08:00:00,67186.7,67226.7,66933.6,66987.7,7143.703
2026-06-03 09:00:00,66987.7,67313.9,66620.0,67040.9,18551.588
2026-06-03 10:00:00,67041.0,67448.0,67032.6,67260.0,6922.156
2026-06-03 11:00:00,67260.0,67340.0,67026.6,67040.1,3936.714
2026-06-03 12:00:00,67040.1,67142.1,66760.0,67050.8,8318.896
2026-06-03 13:00:00,67050.7,67220.2,66605.1,66884.8,10450.216
2026-06-03 14:00:00,66884.8,66975.0,66611.9,66840.9,7494.408
2026-06-03 15:00:00,66841.0,66880.0,66036.2,66046.5,19094.974
2026-06-03 16:00:00,66046.6,66359.4,65508.3,66037.4,24860.392
2026-06-03 17:00:00,66037.4,66159.0,65674.9,65934.0,9175.749
2026-06-03 18:00:00,65934.0,66141.7,65711.4,66006.6,5382.664
2026-06-03 19:00:00,66006.5,66030.7,65199.0,65428.6,13312.575
2026-06-03 20:00:00,65428.5,65581.6,64711.1,64971.7,18176.176
2026-06-03 21:00:00,64971.8,65829.4,64919.1,65738.6,12497.286
2026-06-03 22:00:00,65738.6,65814.2,64733.9,64882.1,13287.809
2026-06-03 23:00:00,64882.1,64957.7,64050.8,64117.7,19130.199
2026-06-04 00:00:00,64117.7,64412.9,62911.9,63314.4,32017.216
2026-06-04 01:00:00,63314.5,63478.5,62066.6,62140.3,33187.939
2026-06-04 02:00:00,62140.4,63598.7,61344.8,63198.4,48264.122
2026-06-04 03:00:00,63198.4,64495.9,63186.7,64336.2,25029.44
2026-06-04 04:00:00,64336.2,64739.8,64233.0,64364.0,12138.136
2026-06-04 05:00:00,64363.9,64363.9,63607.4,63927.6,15516.364
2026-06-04 06:00:00,63927.6,64480.0,63858.6,64007.2,7456.889
2026-06-04 07:00:00,64007.4,64041.8,63450.0,63561.7,13651.696
2026-06-04 08:00:00,63561.8,63875.9,63201.1,63595.5,12293.7
2026-06-04 09:00:00,63595.5,63616.3,62666.0,63237.4,19123.543
2026-06-04 10:00:00,63237.5,63250.0,62256.0,62391.6,29859.942
2026-06-04 11:00:00,62391.6,62800.0,62150.8,62520.7,21741.816
2026-06-04 12:00:00,62520.7,63947.8,62344.1,63738.1,25027.312
2026-06-04 13:00:00,63738.2,64223.1,63038.0,64202.7,28666.685
2026-06-04 14:00:00,64202.7,64463.7,63733.0,63923.9,16138.466
2026-06-04 15:00:00,63923.8,64380.0,63650.0,63864.8,13018.872
2026-06-04 16:00:00,63864.8,63898.9,63412.9,63529.4,8547.533
2026-06-04 17:00:00,63529.4,63698.7,62910.0,63511.2,14376.367
2026-06-04 18:00:00,63511.1,64091.7,63117.6,63791.1,15695.29
2026-06-04 19:00:00,63791.2,64150.8,63508.6,63600.3,9010.124
2026-06-04 20:00:00,63600.2,63628.0,63140.8,63600.8,10580.497
2026-06-04 21:00:00,63600.8,63847.9,63040.0,63250.2,6186.469
2026-06-04 22:00:00,63250.1,63740.2,63150.7,63702.2,6948.656
2026-06-04 23:00:00,63702.3,63897.0,63335.1,63853.4,6697.537
2026-06-05 00:00:00,63853.4,63955.0,63366.0,63398.3,6077.139
2026-06-05 01:00:00,63398.3,63547.5,63011.0,63347.0,8705.901
2026-06-05 02:00:00,63347.0,63416.9,62552.2,62585.5,12937.021
2026-06-05 03:00:00,62585.6,62861.0,62300.0,62699.7,11767.388
2026-06-05 04:00:00,62700.0,63629.9,62456.0,63588.9,12198.337
2026-06-05 05:00:00,63589.0,63674.9,62229.6,62294.4,17219.625
2026-06-05 06:00:00,62294.1,62614.2,61067.6,61916.8,43244.607
2026-06-05 07:00:00,61916.7,63084.4,61330.5,63075.6,22919.441
2026-06-05 08:00:00,63075.5,63088.0,62234.3,62429.9,11546.341
2026-06-05 09:00:00,62429.9,63231.8,62405.1,62832.5,10276.57
2026-06-05 10:00:00,62832.4,62910.5,62342.1,62510.1,6267.222
2026-06-05 11:00:00,62510.0,62621.9,61928.3,61929.5,9661.694
2026-06-05 12:00:00,61929.6,62437.5,61578.4,61939.7,18065.956
2026-06-05 13:00:00,61939.7,62310.0,60690.8,60700.4,26689.674
2026-06-05 14:00:00,60700.4,61217.8,60300.0,60832.7,38987.144
2026-06-05 15:00:00,60832.6,61105.6,60005.8,60400.8,31939.718
2026-06-05 16:00:00,60400.8,61550.0,59739.1,61358.1,58804.844
2026-06-05 17:00:00,61358.1,61487.9,60621.2,60786.5,12594.401
2026-06-05 18:00:00,60786.5,60933.0,59105.4,59362.2,32030.644
2026-06-05 19:00:00,59362.1,60435.2,59080.0,60267.7,23692.266
2026-06-05 20:00:00,60267.4,61800.0,59903.8,61586.2,22351.565
2026-06-05 21:00:00,61586.1,61985.1,61400.0,61639.5,12170.417
2026-06-05 22:00:00,61639.4,61942.4,61169.1,61556.6,13850.543
2026-06-05 23:00:00,61556.7,61745.0,60458.0,61022.0,14163.427
2026-06-06 00:00:00,61022.0,61500.0,61012.0,61238.4,7564.048
2026-06-06 01:00:00,61238.4,61349.7,60912.3,61025.6,4623.78
2026-06-06 02:00:00,61025.6,61164.5,60642.4,60918.4,5765.277
2026-06-06 03:00:00,60918.3,60940.5,60490.0,60662.6,5489.751
2026-06-06 04:00:00,60662.6,60847.5,59451.3,60068.4,22031.624
2026-06-06 05:00:00,60068.5,61070.2,59578.8,60918.9,20702.862
2026-06-06 06:00:00,60919.0,61250.0,60644.5,60771.8,11698.016
2026-06-06 07:00:00,60771.8,61212.7,60705.4,60975.2,7336.922
2026-06-06 08:00:00,60975.2,61475.0,60850.0,61239.6,8498.1
2026-06-06 09:00:00,61239.5,61298.2,60854.1,60956.7,5320.274
2026-06-06 10:00:00,60956.7,60956.7,60146.0,60555.3,14536.034
2026-06-06 11:00:00,60555.2,60938.0,60520.0,60773.5,5694.791
2026-06-06 12:00:00,60773.5,61173.5,60599.9,61003.6,9784.197
2026-06-06 13:00:00,61003.6,61073.6,60668.8,60779.5,5213.726
2026-06-06 14:00:00,60779.5,60990.8,60733.0,60762.5,3560.698
2026-06-06 15:00:00,60762.5,60900.0,60353.4,60754.1,7524.848
2026-06-06 16:00:00,60754.2,60949.9,60417.6,60749.8,6038.819
2026-06-06 17:00:00,60749.9,60817.2,60463.0,60553.3,3936.273
2026-06-06 18:00:00,60553.2,60723.5,60363.0,60606.0,3583.649
2026-06-06 19:00:00,60606.0,60760.4,60502.1,60563.9,2214.691
2026-06-06 20:00:00,60563.9,60729.1,60484.5,60678.5,2440.763
2026-06-06 21:00:00,60678.4,60969.2,60673.2,60719.3,3053.205
2026-06-06 22:00:00,60719.2,60788.6,60390.0,60513.0,5032.414
2026-06-06 23:00:00,60513.0,60911.0,60511.0,60849.7,3116.081
2026-06-07 00:00:00,60849.7,60962.7,60708.0,60748.3,2990.633
2026-06-07 01:00:00,60748.2,61641.4,60720.9,61452.5,13447.678
2026-06-07 02:00:00,61452.5,61540.1,61150.0,61469.2,5320.335
2026-06-07 03:00:00,61469.3,61763.9,61376.7,61671.1,5046.674
2026-06-07 04:00:00,61671.1,61866.0,61447.2,61854.1,5279.246
2026-06-07 05:00:00,61854.2,62132.0,61607.9,61709.2,9364.91
2026-06-07 06:00:00,61709.3,62254.9,61573.5,62080.1,9917.458
2026-06-07 07:00:00,62080.1,62380.0,61951.0,62366.0,8886.719
2026-06-07 08:00:00,62366.0,62942.4,62217.4,62823.0,16219.509
2026-06-07 09:00:00,62823.0,62887.5,62361.5,62510.0,7994.466
2026-06-07 10:00:00,62509.9,62547.8,62273.0,62343.7,5250.485
2026-06-07 11:00:00,62343.7,62730.0,62333.0,62598.8,5263.381
2026-06-07 12:00:00,62598.8,62617.7,61509.1,61871.1,21819.579
2026-06-07 13:00:00,61871.1,61880.0,61612.2,61675.0,5955.28
2026-06-07 14:00:00,61675.1,62283.6,61675.0,61872.0,10111.376
2026-06-07 15:00:00,61871.9,62196.0,61640.1,62071.6,6764.069
2026-06-07 16:00:00,62071.7,62327.0,61912.7,62054.2,5219.03
2026-06-07 17:00:00,62054.1,62315.6,62012.2,62129.6,4071.011
2026-06-07 18:00:00,62129.6,62267.2,61989.0,62001.6,2079.999
2026-06-07 19:00:00,62001.6,62009.1,61150.2,61303.8,15448.708
2026-06-07 20:00:00,61303.7,61949.3,61189.7,61843.0,6748.756
2026-06-07 21:00:00,61843.1,61980.0,61618.5,61755.0,3502.586
2026-06-07 22:00:00,61754.9,64250.0,61690.3,62833.5,32662.168
2026-06-07 23:00:00,62833.0,63429.9,62759.5,63298.5,8114.977
2026-06-08 00:00:00,63299.0,63849.5,63111.3,63599.2,9954.623
2026-06-08 01:00:00,63599.3,63619.5,62676.8,63188.0,12067.272
2026-06-08 02:00:00,63188.0,63238.3,62881.9,63097.2,4283.889
2026-06-08 03:00:00,63097.2,63438.2,62944.1,63101.6,4210.952
2026-06-08 04:00:00,63101.6,63150.0,62616.9,62654.7,5895.229
2026-06-08 05:00:00,62654.7,62800.0,62377.0,62740.8,7325.169
2026-06-08 06:00:00,62740.8,63119.7,62702.0,62958.8,5677.298
2026-06-08 07:00:00,62958.9,63320.9,62779.0,63259.9,5891.372
2026-06-08 08:00:00,63259.9,63259.9,62955.7,63100.8,3576.879
2026-06-08 09:00:00,63100.9,63554.7,63093.5,63469.9,7425.603
2026-06-08 10:00:00,63469.9,63525.0,63053.4,63131.5,6189.668
2026-06-08 11:00:00,63131.4,63861.3,63020.0,63450.1,11047.181
2026-06-08 12:00:00,63450.1,63948.2,62658.4,63844.5,22904.142
2026-06-08 13:00:00,63844.6,63920.0,63330.4,63720.6,13790.78
2026-06-08 14:00:00,63720.5,64075.6,63531.9,63933.7,10811.608
2026-06-08 15:00:00,63933.7,64179.5,63673.0,63745.4,11587.537
2026-06-08 16:00:00,63745.3,64029.5,63430.6,63496.8,7607.381
2026-06-08 17:00:00,63496.8,63620.0,63209.6,63519.2,7842.552
2026-06-08 18:00:00,63519.1,63659.1,63305.0,63438.0,3208.045
2026-06-08 19:00:00,63438.0,63572.1,63317.7,63348.2,3103.656
2026-06-08 20:00:00,63348.3,63459.3,63120.4,63459.1,4563.368
2026-06-08 21:00:00,63459.1,63832.5,63455.1,63690.8,4030.441
2026-06-08 22:00:00,63690.7,63690.7,63171.2,63407.5,6036.812
2026-06-08 23:00:00,63407.6,63567.6,62939.7,63057.9,5409.596
2026-06-09 00:00:00,63057.9,63157.3,62381.2,62522.6,15947.71
2026-06-09 01:00:00,62522.6,62846.6,62513.0,62732.9,6038.258
2026-06-09 02:00:00,62732.8,62849.5,62506.8,62840.0,4490.164
2026-06-09 03:00:00,62839.9,62945.8,62664.3,62841.0,3847.384
2026-06-09 04:00:00,62841.1,63402.0,62715.4,63213.7,9505.94
2026-06-09 05:00:00,63213.8,63499.9,63088.0,63318.5,5631.349
2026-06-09 06:00:00,63318.5,63487.1,63202.6,63279.4,4791.047
2026-06-09 07:00:00,63279.5,63424.0,62970.6,63170.8,6015.433
2026-06-09 08:00:00,63170.9,63183.0,62646.0,62816.9,8266.54
2026-06-09 09:00:00,62817.0,62923.7,62555.5,62682.5,5482.787
2026-06-09 10:00:00,62682.6,62802.7,62560.9,62750.0,4015.766
2026-06-09 11:00:00,62750.0,62786.9,62457.5,62679.4,6806.713
2026-06-09 12:00:00,62679.5,62868.2,62404.0,62611.6,6095.652
2026-06-09 13:00:00,62611.6,62717.7,62125.0,62244.4,13535.918
2026-06-09 14:00:00,62244.4,62371.6,61075.9,61511.6,35615.599
2026-06-09 15:00:00,61511.6,61680.9,61001.0,61100.7,16545.058
2026-06-09 16:00:00,61100.6,61490.0,60755.0,61367.5,26909.919
2026-06-09 17:00:00,61367.5,61860.0,61367.0,61667.1,12632.633
2026-06-09 18:00:00,61667.2,61939.0,61563.3,61756.1,5648.053
2026-06-09 19:00:00,61756.2,62079.5,61685.0,62068.8,6032.774
2026-06-09 20:00:00,62068.9,62253.2,61920.9,62132.3,4702.846
2026-06-09 21:00:00,62132.3,62149.8,61660.0,61732.2,5903.611
2026-06-09 22:00:00,61732.5,61945.4,61630.2,61688.0,3249.56
2026-06-09 23:00:00,61687.9,61850.0,61519.0,61695.0,3688.76
2026-06-10 00:00:00,61694.9,61908.9,61404.6,61886.5,5067.624
2026-06-10 01:00:00,61886.5,61947.4,61544.2,61680.7,4252.258
2026-06-10 02:00:00,61680.7,61807.9,61201.0,61271.3,6430.764
2026-06-10 03:00:00,61271.4,61571.1,61250.0,61518.2,3472.635
2026-06-10 04:00:00,61518.3,61535.0,61153.5,61269.6,4116.843
2026-06-10 05:00:00,61269.6,61368.0,61045.7,61321.6,4160.181
2026-06-10 06:00:00,61321.6,61493.0,61108.8,61436.5,4853.421
2026-06-10 07:00:00,61436.4,61783.4,61400.7,61654.3,6313.665
2026-06-10 08:00:00,61654.3,61707.6,61128.7,61228.7,7510.133
2026-06-10 09:00:00,61228.8,61396.4,60691.9,61302.7,12001.158
2026-06-10 10:00:00,61303.2,61426.7,61113.2,61350.1,4009.363
2026-06-10 11:00:00,61350.1,61406.0,60824.5,61003.1,9567.514
2026-06-10 12:00:00,61003.1,61918.0,60930.0,61531.7,17186.613
2026-06-10 13:00:00,61531.8,62445.0,61406.8,62123.9,18689.305
2026-06-10 14:00:00,62123.9,62230.0,61782.0,62170.8,11613.002
2026-06-10 15:00:00,62170.9,62840.2,61814.0,62604.8,18864.285
2026-06-10 16:00:00,62604.7,62617.1,61891.2,62194.5,9692.542
2026-06-10 17:00:00,62194.6,62330.3,61616.0,61944.5,11161.95
2026-06-10 18:00:00,61944.4,62137.3,61552.0,61856.0,6181.953
2026-06-10 19:00:00,61856.0,62038.0,61641.4,61908.7,4545.789
2026-06-10 20:00:00,61908.7,61921.2,61644.4,61770.1,3195.626
2026-06-10 21:00:00,61770.1,61773.1,61150.1,61327.3,7887.368
2026-06-10 22:00:00,61327.4,61547.9,61068.6,61353.2,7637.894
2026-06-10 23:00:00,61353.1,61582.1,61135.8,61483.7,4642.378
2026-06-11 00:00:00,61483.6,61955.8,61483.6,61794.6,6629.261
2026-06-11 01:00:00,61794.6,62350.0,61793.5,62180.3,6360.787
2026-06-11 02:00:00,62180.4,62278.3,61911.5,62113.5,4726.248
2026-06-11 03:00:00,62113.5,62922.0,61975.6,62657.5,11223.901
2026-06-11 04:00:00,62657.5,62827.0,62512.6,62692.9,6342.014
2026-06-11 05:00:00,62692.8,62696.7,62527.5,62581.7,3206.604
2026-06-11 06:00:00,62581.7,62993.4,62507.9,62734.2,7813.001
2026-06-11 07:00:00,62734.1,62812.2,62574.3,62693.3,4667.736
2026-06-11 08:00:00,62693.2,63043.1,62691.7,62927.2,6684.514
2026-06-11 09:00:00,62927.2,62970.7,62753.3,62899.9,4093.748
2026-06-11 10:00:00,62900.0,63188.0,62771.0,63120.3,8162.024
2026-06-11 11:00:00,63120.2,63235.9,63020.6,63078.0,7361.917
2026-06-11 12:00:00,63078.0,63173.8,62455.8,62978.3,20933.227
2026-06-11 13:00:00,62978.3,63200.0,62644.7,63046.1,13026.119
2026-06-11 14:00:00,63046.1,63060.0,62697.0,62699.6,7669.427
2026-06-11 15:00:00,62699.6,62856.7,62494.6,62721.1,8504.57
2026-06-11 16:00:00,62721.2,62810.0,62502.4,62546.6,4781.27
2026-06-11 17:00:00,62546.6,63643.0,62315.0,63614.2,28276.294
2026-06-11 18:00:00,63614.2,63768.7,63283.4,63426.0,9903.762
2026-06-11 19:00:00,63426.0,63915.3,63350.4,63567.6,10032.986
2026-06-11 20:00:00,63567.7,63633.6,63235.8,63361.9,4935.297
2026-06-11 21:00:00,63361.9,63571.5,63359.7,63487.2,2172.23
2026-06-11 22:00:00,63487.3,63640.6,63425.0,63467.1,2216.095
2026-06-11 23:00:00,63467.1,63712.3,63328.1,63597.9,4271.542
2026-06-12 00:00:00,63598.0,63777.0,63489.8,63617.7,4243.194
2026-06-12 01:00:00,63617.7,63617.7,63271.6,63402.9,4466.191
2026-06-12 02:00:00,63402.9,63758.4,63402.9,63589.3,3408.002
2026-06-12 03:00:00,63589.2,63620.1,63314.7,63490.0,2027.229
2026-06-12 04:00:00,63490.1,63843.2,63391.2,63670.4,5901.952
2026-06-12 05:00:00,63670.5,63695.4,63265.4,63317.6,6047.081
2026-06-12 06:00:00,63317.6,63385.9,62800.0,62955.9,8541.968
2026-06-12 07:00:00,62956.0,63180.8,62919.9,63066.5,4785.19
2026-06-12 08:00:00,63066.5,63587.0,63063.9,63440.5,6555.915
2026-06-12 09:00:00,63440.5,63929.9,63398.3,63729.5,7939.036
2026-06-12 10:00:00,63729.5,63824.0,63541.9,63665.1,4205.305
2026-06-12 11:00:00,63665.2,63855.8,63650.0,63729.4,3381.03
2026-06-12 12:00:00,63729.4,63745.1,63331.9,63433.7,5597.36
2026-06-12 13:00:00,63433.8,63507.9,63020.6,63200.3,9236.386
2026-06-12 14:00:00,63200.3,63988.0,63160.4,63971.0,14271.383
2026-06-12 15:00:00,63971.1,64362.6,63504.2,63557.0,26003.214
2026-06-12 16:00:00,63557.1,63974.8,63477.5,63951.2,8532.953
2026-06-12 17:00:00,63951.2,64083.3,63708.0,63836.9,4217.505
2026-06-12 18:00:00,63836.9,63907.0,63647.9,63661.8,3095.609
2026-06-12 19:00:00,63661.8,63790.8,63555.0,63555.1,3164.169
2026-06-12 20:00:00,63555.0,63664.4,63352.3,63417.9,4000.142
2026-06-12 21:00:00,63418.2,63608.1,63413.0,63450.1,2246.705
2026-06-12 22:00:00,63450.0,63633.3,63435.6,63482.8,2214.568
2026-06-12 23:00:00,63482.8,63554.7,63394.3,63547.0,1641.695
2026-06-13 00:00:00,63547.0,63625.2,63480.0,63573.9,1951.164
2026-06-13 01:00:00,63573.9,63828.4,63573.9,63801.0,2669.191
2026-06-13 02:00:00,63801.1,63806.9,63517.8,63612.0,2457.955
2026-06-13 03:00:00,63612.1,63695.0,63360.0,63494.4,3026.794
2026-06-13 04:00:00,63494.4,63619.1,63444.9,63475.2,1293.536
2026-06-13 05:00:00,63475.2,63564.8,63456.0,63554.9,1208.298
2026-06-13 06:00:00,63554.9,63720.2,63516.3,63707.2,1642.636
2026-06-13 07:00:00,63707.2,63879.0,63637.1,63823.9,4873.909
2026-06-13 08:00:00,63823.9,63896.5,63729.8,63771.6,3461.243
2026-06-13 09:00:00,63771.5,63833.0,63708.2,63709.9,1419.807
2026-06-13 10:00:00,63709.9,63883.2,63683.1,63812.9,2679.471
2026-06-13 11:00:00,63813.0,63949.9,63809.4,63936.1,2414.403
2026-06-13 12:00:00,63936.1,64187.7,63882.6,64103.1,4756.321
2026-06-13 13:00:00,64103.0,64217.0,64026.6,64071.0,4732.652
2026-06-13 14:00:00,64071.0,64208.8,64052.3,64189.7,2178.915
2026-06-13 15:00:00,64189.8,64323.0,64147.2,64265.0,4558.288
2026-06-13 16:00:00,64265.1,64280.0,63862.9,63996.2,8214.293
2026-06-13 17:00:00,63996.1,64090.1,63902.0,63939.7,2988.244
2026-06-13 18:00:00,63939.7,64247.8,63939.6,64122.7,3116.164
2026-06-13 19:00:00,64122.7,64298.7,64111.1,64264.2,3087.802
2026-06-13 20:00:00,64264.2,64264.3,64195.3,64252.4,1079.311
2026-06-13 21:00:00,64252.4,64738.0,64189.6,64435.2,7334.893
2026-06-13 22:00:00,64435.2,64529.0,64349.3,64413.4,2850.59
2026-06-13 23:00:00,64413.4,64572.0,64350.5,64418.2,2165.507
2026-06-14 00:00:00,64418.3,64548.6,64338.8,64519.3,2060.185
2026-06-14 01:00:00,64519.2,64682.2,64466.4,64534.1,2612.929
2026-06-14 02:00:00,64534.0,64606.4,64436.7,64450.0,2045.452
2026-06-14 03:00:00,64450.1,64518.4,64421.7,64515.0,3269.628
2026-06-14 04:00:00,64515.0,64532.8,64281.0,64300.0,2599.296
2026-06-14 05:00:00,64300.0,64378.5,64260.0,64318.1,2076.942
2026-06-14 06:00:00,64318.1,64450.1,64208.5,64258.0,3360.246
2026-06-14 07:00:00,64258.0,64412.7,64186.5,64392.0,2472.615
2026-06-14 08:00:00,64392.1,64486.9,64353.2,64423.1,1629.08
2026-06-14 09:00:00,64423.1,64593.1,64281.1,64584.7,3100.679
2026-06-14 10:00:00,64584.8,64640.6,64452.8,64485.4,2531.79
2026-06-14 11:00:00,64485.5,64614.4,64419.3,64511.7,1865.041
2026-06-14 12:00:00,64511.7,64531.2,64255.9,64296.8,3294.214
2026-06-14 13:00:00,64296.7,64369.0,64207.3,64287.5,2943.823
2026-06-14 14:00:00,64287.4,64313.1,63830.0,63953.7,8475.881
2026-06-14 15:00:00,63953.7,64123.8,63945.8,63995.2,4281.19
2026-06-14 16:00:00,63995.2,64183.4,63901.3,63913.8,3323.998
2026-06-14 17:00:00,63913.8,64000.0,63650.0,63706.1,5470.458
2026-06-14 18:00:00,63706.2,63791.9,63650.9,63783.9,3170.311
2026-06-14 19:00:00,63783.9,63830.9,63702.0,63777.3,1358.481
2026-06-14 20:00:00,63777.4,64070.0,63761.5,63978.1,3073.059
2026-06-14 21:00:00,63978.2,65652.0,63973.4,65284.4,27695.963
2026-06-14 22:00:00,65284.4,65555.0,64918.2,65389.2,14246.288
2026-06-14 23:00:00,65389.2,65775.0,65217.0,65702.1,9775.909
2026-06-15 00:00:00,65702.1,65880.0,65444.0,65591.4,9044.986
2026-06-15 01:00:00,65591.4,65705.6,65314.3,65482.6,5936.809
2026-06-15 02:00:00,65482.6,65749.0,65383.6,65429.3,3923.62
2026-06-15 03:00:00,65429.3,65996.8,65393.4,65894.7,9255.319
2026-06-15 04:00:00,65894.6,65894.7,65601.8,65612.2,3331.818
2026-06-15 05:00:00,65612.2,65844.7,65577.8,65828.1,3066.816
2026-06-15 06:00:00,65828.0,65933.0,65716.4,65773.0,4071.861
2026-06-15 07:00:00,65773.0,65978.1,65580.0,65642.3,5386.6
2026-06-15 08:00:00,65642.4,65768.1,65580.3,65619.9,3912.2
2026-06-15 09:00:00,65620.0,65740.1,65469.0,65559.9,3326.393
2026-06-15 10:00:00,65559.8,65934.3,65545.2,65884.7,7895.239
2026-06-15 11:00:00,65884.7,66346.2,65807.3,66192.0,15452.401
2026-06-15 12:00:00,66192.0,66570.0,66056.4,66528.5,12174.401
2026-06-15 13:00:00,66528.5,66915.2,66375.1,66410.8,20545.811
2026-06-15 14:00:00,66410.8,66646.8,66265.0,66552.3,8252.837
2026-06-15 15:00:00,66552.4,67255.4,66541.5,67248.5,13362.263
2026-06-15 16:00:00,67248.5,67254.5,67051.1,67122.3,7578.852
2026-06-15 17:00:00,67122.3,67122.4,66635.1,66820.7,8193.907
2026-06-15 18:00:00,66820.7,66900.0,66678.5,66726.1,3557.451
2026-06-15 19:00:00,66726.1,66856.1,66302.4,66579.2,6172.572
2026-06-15 20:00:00,66579.1,66658.2,66445.0,66489.6,2244.671
2026-06-15 21:00:00,66489.6,66534.8,66284.8,66337.1,2945.274
2026-06-15 22:00:00,66337.1,66446.2,66065.1,66170.0,5545.129
2026-06-15 23:00:00,66170.0,66335.5,66086.6,66285.9,2775.711
2026-06-16 00:00:00,66285.9,66426.9,66197.2,66216.9,3431.519
2026-06-16 01:00:00,66216.8,66388.8,66206.6,66309.9,2298.901
2026-06-16 02:00:00,66309.9,66331.8,65655.0,65714.1,9099.747
2026-06-16 03:00:00,65714.0,66145.4,65607.1,66125.4,6605.331
2026-06-16 04:00:00,66125.4,66252.2,65768.7,65811.1,5555.333
2026-06-16 05:00:00,65811.1,66119.9,65811.1,66028.0,3516.107
2026-06-16 06:00:00,66028.1,66543.5,66025.1,66406.4,5633.376
2026-06-16 07:00:00,66406.3,66497.0,66272.1,66341.7,3952.601
2026-06-16 08:00:00,66341.8,66956.7,66310.5,66863.9,9095.48
2026-06-16 09:00:00,66863.9,66884.6,66440.1,66478.4,5305.599
2026-06-16 10:00:00,66478.5,66755.5,66451.1,66476.1,3834.46
2026-06-16 11:00:00,66476.1,66619.3,66325.4,66456.0,3380.096
2026-06-16 12:00:00,66456.0,66787.1,66325.2,66390.5,6611.999
2026-06-16 13:00:00,66390.5,66435.6,65893.2,66012.7,10953.391
2026-06-16 14:00:00,66012.8,66239.3,65328.8,65630.2,15588.828
2026-06-16 15:00:00,65630.2,65981.5,65580.0,65841.8,7659.939
2026-06-16 16:00:00,65841.8,65932.3,65675.2,65730.8,3289.048
2026-06-16 17:00:00,65730.9,65991.7,65677.1,65946.2,3368.206
2026-06-16 18:00:00,65946.2,66246.1,65767.0,65822.4,5488.113
2026-06-16 19:00:00,65822.5,65822.5,65529.0,65653.2,4965.888
2026-06-16 20:00:00,65653.2,65832.7,65561.3,65824.0,2517.971
2026-06-16 21:00:00,65824.0,65908.4,65609.8,65741.2,2613.731
2026-06-16 22:00:00,65741.3,65855.0,65644.6,65745.2,2574.361
2026-06-16 23:00:00,65745.2,65805.0,65580.1,65644.8,1766.401
2026-06-17 00:00:00,65644.8,65821.0,65644.8,65679.4,2124.11
2026-06-17 01:00:00,65679.4,65925.1,65427.9,65901.1,4784.4
2026-06-17 02:00:00,65901.1,66092.5,65743.0,65872.7,3487.582
2026-06-17 03:00:00,65872.6,65872.7,65671.8,65818.6,1896.242
2026-06-17 04:00:00,65818.6,66019.0,65744.2,65852.5,1896.801
2026-06-17 05:00:00,65852.5,65948.5,65702.9,65796.1,2152.245
2026-06-17 06:00:00,65796.1,65869.8,65535.0,65589.4,3412.922
2026-06-17 07:00:00,65589.4,65680.3,65200.0,65504.0,9271.031
2026-06-17 08:00:00,65503.9,65549.8,64800.0,64889.8,13620.919
2026-06-17 09:00:00,64889.9,65045.0,64800.4,64880.1,6116.04
2026-06-17 10:00:00,64880.0,64964.2,64733.5,64770.4,3937.974
2026-06-17 11:00:00,64770.4,64834.9,64525.0,64774.5,8169.245
2026-06-17 12:00:00,64774.6,65080.3,64550.7,65005.3,7979.636
2026-06-17 13:00:00,65005.2,65333.0,64804.1,65232.9,9997.319
2026-06-17 14:00:00,65232.6,65434.1,64722.6,65072.4,10063.625
2026-06-17 15:00:00,65072.4,65834.1,64943.5,65712.7,9718.331
2026-06-17 16:00:00,65712.7,66419.2,65676.8,65829.7,14049.492
2026-06-17 17:00:00,65829.6,66160.0,65755.0,66073.1,5298.208
2026-06-17 18:00:00,66073.1,66085.3,64746.6,65481.3,32342.617
2026-06-17 19:00:00,65481.2,65632.0,64015.0,64271.3,27562.287
2026-06-17 20:00:00,64271.4,64460.8,64137.1,64405.9,7023.72
2026-06-17 21:00:00,64405.9,64427.0,64104.0,64229.4,4138.35
2026-06-17 22:00:00,64229.4,64415.7,63881.2,64265.3,7515.198
2026-06-17 23:00:00,64265.3,64495.3,64216.6,64472.9,2928.005
2026-06-18 00:00:00,64472.9,64676.5,64422.4,64432.8,3367.814
2026-06-18 01:00:00,64432.8,64780.0,64429.1,64520.9,3711.292
2026-06-18 02:00:00,64520.9,64750.0,64453.2,64652.3,2543.649
2026-06-18 03:00:00,64652.3,64652.3,64228.9,64255.0,5092.146
2026-06-18 04:00:00,64255.0,64323.4,63785.0,63850.1,9767.176
2026-06-18 05:00:00,63850.1,64000.0,63660.1,63961.8,5961.032
2026-06-18 06:00:00,63961.9,64097.7,63811.3,64054.9,4272.735
2026-06-18 07:00:00,64054.9,64491.1,63985.3,64470.3,6502.533
2026-06-18 08:00:00,64470.4,64631.5,64349.2,64370.0,5742.264
2026-06-18 09:00:00,64370.0,64450.0,64162.5,64172.6,3905.742
2026-06-18 10:00:00,64172.7,64198.0,63880.2,64050.0,6808.319
2026-06-18 11:00:00,64050.1,64175.9,63855.0,63940.1,4133.313
2026-06-18 12:00:00,63940.1,64377.8,63892.8,64345.9,5211.011
2026-06-18 13:00:00,64345.8,64423.4,63753.0,63952.3,12076.44
2026-06-18 14:00:00,63952.4,64181.7,63565.0,63784.1,13161.056
2026-06-18 15:00:00,63784.2,63796.6,62232.1,62337.8,40637.073
2026-06-18 16:00:00,62337.8,62789.0,62308.6,62664.2,14208.574
2026-06-18 17:00:00,62664.2,62730.0,62241.0,62579.1,11740.083
2026-06-18 18:00:00,62579.2,62932.7,62552.8,62683.5,9150.288
2026-06-18 19:00:00,62683.5,62985.0,62608.0,62925.4,4674.584
2026-06-18 20:00:00,62925.3,63266.8,62925.3,63063.1,6155.035
2026-06-18 21:00:00,63063.1,63098.7,62831.8,62936.0,3244.761
2026-06-18 22:00:00,62936.0,62962.1,62710.5,62853.0,3104.191
2026-06-18 23:00:00,62852.9,62959.9,62717.0,62924.1,2527.605
2026-06-19 00:00:00,62924.0,63066.7,62812.7,62991.7,2446.187
2026-06-19 01:00:00,62991.7,63073.0,62814.3,62994.5,2562.735
2026-06-19 02:00:00,62994.5,63088.0,62858.2,62974.2,2107.975
2026-06-19 03:00:00,62974.2,63004.8,62237.2,62745.1,11677.236
2026-06-19 04:00:00,62745.1,62888.8,62375.7,62421.7,5551.656
2026-06-19 05:00:00,62421.8,62715.0,62417.4,62707.0,3774.762
2026-06-19 06:00:00,62707.1,62888.7,62691.0,62865.1,2658.473
2026-06-19 07:00:00,62865.0,62896.8,62465.6,62592.4,5319.797
2026-06-19 08:00:00,62592.4,62758.1,62504.7,62575.7,3585.07
2026-06-19 09:00:00,62575.7,62623.2,62272.4,62353.0,6117.203
2026-06-19 10:00:00,62352.9,62570.1,62347.8,62506.2,3659.625
2026-06-19 11:00:00,62506.3,62664.3,62419.5,62600.0,3035.836
2026-06-19 12:00:00,62600.0,62844.8,62315.2,62799.4,6739.352
2026-06-19 13:00:00,62799.4,63410.3,62629.5,63174.2,13878.128
2026-06-19 14:00:00,63174.1,63398.3,62972.8,63174.8,7794.914
2026-06-19 15:00:00,63174.8,63266.3,62992.0,63193.0,4428.801
2026-06-19 16:00:00,63193.1,63376.6,62897.8,62943.7,6372.556
2026-06-19 17:00:00,62943.7,63213.0,62836.6,63166.7,4859.398
2026-06-19 18:00:00,63166.6,63175.3,62958.0,63079.3,2166.381
2026-06-19 19:00:00,63079.2,63117.0,62907.4,63001.9,1719.554
2026-06-19 20:00:00,63001.8,63245.9,62926.2,63217.4,1587.361
2026-06-19 21:00:00,63217.3,63253.6,63024.1,63048.0,1954.973
2026-06-19 22:00:00,63048.0,63345.1,63015.1,63287.8,3005.024
2026-06-19 23:00:00,63287.8,63645.0,63250.0,63512.6,5223.884
2026-06-20 00:00:00,63512.5,63757.2,63435.0,63496.8,5620.834
2026-06-20 01:00:00,63496.8,63594.2,63368.5,63550.9,2644.972
2026-06-20 02:00:00,63551.0,63551.0,63301.8,63305.7,2722.798
2026-06-20 03:00:00,63305.8,63487.2,63283.5,63440.5,1781.829
2026-06-20 04:00:00,63440.5,63590.0,63367.6,63553.9,2036.026
2026-06-20 05:00:00,63553.9,63894.0,63509.1,63645.5,6526.429
2026-06-20 06:00:00,63645.4,63730.0,63608.6,63710.0,1912.419
2026-06-20 07:00:00,63710.1,63774.2,63558.4,63625.0,3533.917
2026-06-20 08:00:00,63625.0,63630.0,63360.0,63390.8,4745.106
2026-06-20 09:00:00,63390.8,63760.8,63390.3,63700.8,3687.354
2026-06-20 10:00:00,63700.8,63747.7,63559.8,63649.7,2170.014
2026-06-20 11:00:00,63649.6,63770.0,63586.8,63651.3,1580.907
2026-06-20 12:00:00,63651.4,63756.0,63497.3,63627.8,3118.595
2026-06-20 13:00:00,63627.7,63627.8,63242.0,63368.0,6104.423
2026-06-20 14:00:00,63368.0,64150.0,63136.2,63929.5,15156.582
2026-06-20 15:00:00,63929.4,64370.9,63810.0,64139.5,11736.081
2026-06-20 16:00:00,64139.4,64150.0,63875.0,63999.9,4431.632
2026-06-20 17:00:00,63999.9,64015.0,63661.9,63810.7,5116.225
2026-06-20 18:00:00,63810.8,63899.0,63750.3,63776.4,1651.649
2026-06-20 19:00:00,63776.3,63940.3,63764.2,63905.5,1802.738
2026-06-20 20:00:00,63905.5,63945.0,63820.0,63899.4,958.033
2026-06-20 21:00:00,63899.4,64066.6,63886.6,63983.0,1679.864
2026-06-20 22:00:00,63983.0,64326.0,63943.6,64245.9,3225.948
2026-06-20 23:00:00,64245.9,64317.6,64219.7,64270.0,1732.321
2026-06-21 00:00:00,64270.1,64303.0,64217.6,64264.3,2410.512
2026-06-21 01:00:00,64264.3,64297.0,64199.0,64221.3,2876.502
2026-06-21 02:00:00,64221.3,64251.2,64199.0,64219.5,1446.395
2026-06-21 03:00:00,64219.5,64450.0,64207.0,64398.8,3632.131
2026-06-21 04:00:00,64398.8,64568.0,64223.3,64252.7,4422.656
2026-06-21 05:00:00,64252.6,64339.7,64199.0,64226.5,2673.68
2026-06-21 06:00:00,64226.6,64300.0,64168.7,64270.0,1874.008
2026-06-21 07:00:00,64269.9,64270.0,64143.2,64170.1,3195.625
2026-06-21 08:00:00,64170.0,64204.8,63871.3,63987.9,5172.436
2026-06-21 09:00:00,63987.9,64224.5,63928.4,64189.8,3868.644
2026-06-21 10:00:00,64189.8,64384.0,64175.5,64338.9,4012.6
2026-06-21 11:00:00,64339.0,64453.3,64077.3,64149.9,4721.509
2026-06-21 12:00:00,64149.8,64208.7,63916.0,64161.1,4648.175
2026-06-21 13:00:00,64161.1,64161.1,63981.2,64123.2,2524.614
2026-06-21 14:00:00,64123.2,64128.3,63969.7,64120.0,1789.791
2026-06-21 15:00:00,64120.0,64337.3,64081.5,64200.3,2931.074
2026-06-21 16:00:00,64200.2,64231.6,64013.0,64122.3,2597.496
2026-06-21 17:00:00,64122.2,64197.1,64046.4,64114.6,1339.794
2026-06-21 18:00:00,64114.6,64221.0,63907.4,64180.0,2519.631
2026-06-21 19:00:00,64180.1,64284.9,64135.1,64173.6,1206.193
2026-06-21 20:00:00,64173.7,64243.4,63641.3,63824.8,4784.615
2026-06-21 21:00:00,63824.8,63950.0,63475.3,63778.2,7220.217
2026-06-21 22:00:00,63778.1,63840.0,63543.0,63775.3,5017.033
2026-06-21 23:00:00,63775.3,63775.3,63220.0,63287.1,8096.745
2026-06-22 00:00:00,63287.2,64076.0,63286.2,63867.2,8324.368
2026-06-22 01:00:00,63867.3,64788.0,63818.0,64574.5,16112.153
2026-06-22 02:00:00,64574.5,64643.7,64213.8,64226.5,4686.405
2026-06-22 03:00:00,64226.5,64434.6,63857.1,63935.1,8838.637
2026-06-22 04:00:00,63935.1,64085.4,63833.4,64063.6,3987.486
2026-06-22 05:00:00,64063.5,64311.8,64050.6,64219.5,3574.11
2026-06-22 06:00:00,64219.5,64299.0,63912.8,63960.7,2873.557
2026-06-22 07:00:00,63960.6,64384.3,63931.0,64187.9,4308.349
2026-06-22 08:00:00,64188.0,64332.4,64014.9,64133.8,3083.064
2026-06-22 09:00:00,64133.9,64232.5,64019.0,64114.8,1760.141
2026-06-22 10:00:00,64114.7,64250.0,64044.1,64109.8,1568.598
2026-06-22 11:00:00,64109.9,64750.0,64064.5,64624.3,9530.798
2026-06-22 12:00:00,64624.2,65199.0,64545.7,65120.1,14700.714
2026-06-22 13:00:00,65120.0,65565.7,64915.6,65548.0,15228.832
2026-06-22 14:00:00,65547.9,65597.2,64802.3,64943.0,14941.027
2026-06-22 15:00:00,64943.1,65117.2,64722.2,64808.0,6535.352
2026-06-22 16:00:00,64808.0,64835.6,64481.0,64695.7,8721.001
2026-06-22 17:00:00,64695.8,64746.4,64355.0,64580.6,5298.329
2026-06-22 18:00:00,64580.6,64708.0,64249.6,64312.9,5474.731
2026-06-22 19:00:00,64312.9,64475.8,64240.0,64447.9,4662.824
2026-06-22 20:00:00,64450.6,64637.1,64326.0,64409.8,3634.307
2026-06-22 21:00:00,64409.8,64461.0,64112.1,64291.0,3088.035
2026-06-22 22:00:00,64291.0,64370.8,63758.3,63948.4,7545.433
2026-06-22 23:00:00,63948.5,64030.7,63843.8,63990.2,3364.757
2026-06-23 00:00:00,63990.1,64130.0,63803.2,64119.4,3891.308
2026-06-23 01:00:00,64119.4,64242.8,63852.5,64125.2,5358.072
2026-06-23 02:00:00,64125.1,64247.2,64005.5,64165.9,2594.761
2026-06-23 03:00:00,64165.8,64172.2,63933.3,64037.3,3099.414
2026-06-23 04:00:00,64037.2,64068.0,63569.2,63594.9,5712.933
2026-06-23 05:00:00,63594.8,63707.5,63322.0,63372.1,8699.821
2026-06-23 06:00:00,63372.0,63374.4,62532.4,62905.5,25443.262
2026-06-23 07:00:00,62905.5,63070.1,62828.0,62849.2,5860.475
2026-06-23 08:00:00,62849.3,62916.5,61870.0,62353.7,25191.723
2026-06-23 09:00:00,62353.6,62482.0,62309.0,62350.2,4877.636
2026-06-23 10:00:00,62350.3,62563.9,62207.1,62290.4,5432.761
2026-06-23 11:00:00,62290.4,62600.0,62289.2,62478.5,5964.423
2026-06-23 12:00:00,62478.4,62531.6,62157.0,62227.9,5881.479
2026-06-23 13:00:00,62228.0,62513.4,61916.9,62446.6,15070.538
2026-06-23 14:00:00,62446.5,62837.1,62359.2,62462.8,14169.381
2026-06-23 15:00:00,62462.8,62480.3,62161.2,62455.8,7509.637
2026-06-23 16:00:00,62455.9,62812.2,62393.4,62522.9,8663.062
2026-06-23 17:00:00,62522.9,62668.7,62301.7,62330.0,3484.745
2026-06-23 18:00:00,62330.0,62420.0,62075.6,62215.3,4189.498
2026-06-23 19:00:00,62215.3,62467.2,62201.3,62365.7,2790.577
2026-06-23 20:00:00,62365.7,62518.5,62344.2,62439.8,2217.701
2026-06-23 21:00:00,62439.9,62629.9,62434.9,62563.1,2110.412
2026-06-23 22:00:00,62563.1,62749.9,62488.1,62560.1,2806.833
2026-06-23 23:00:00,62560.1,62770.6,62463.7,62696.7,1898.787
2026-06-24 00:00:00,62696.7,62999.9,62696.7,62982.1,4509.603
2026-06-24 01:00:00,62982.1,63090.9,62737.0,62904.6,3777.468
2026-06-24 02:00:00,62904.6,62994.6,62572.1,62598.0,4358.54
2026-06-24 03:00:00,62598.0,62804.0,62402.8,62704.6,5111.386
2026-06-24 04:00:00,62704.6,62779.9,62500.0,62720.6,2797.018
2026-06-24 05:00:00,62720.7,63053.5,62678.0,62859.9,3935.298
2026-06-24 06:00:00,62859.8,62888.0,62700.0,62754.6,1940.615
2026-06-24 07:00:00,62754.7,62822.0,62570.8,62630.3,3406.243
2026-06-24 08:00:00,62630.4,62786.2,62574.0,62773.0,2748.793
2026-06-24 09:00:00,62773.0,62773.0,62608.6,62650.2,1488.171
2026-06-24 10:00:00,62650.2,62657.8,62365.4,62416.8,4330.738
2026-06-24 11:00:00,62416.9,63209.6,62272.1,62887.7,11430.749
2026-06-24 12:00:00,62887.8,62939.3,62543.4,62589.5,5404.984
2026-06-24 13:00:00,62589.5,62604.0,61220.7,61308.2,35472.77
2026-06-24 14:00:00,61308.2,61434.5,60866.0,61085.3,24983.872
2026-06-24 15:00:00,61085.3,61128.9,60238.0,60254.9,24553.002
2026-06-24 16:00:00,60254.9,60649.1,59260.0,59808.2,37783.564
2026-06-24 17:00:00,59808.3,60025.2,59060.0,59363.7,33548.446
2026-06-24 18:00:00,59363.6,59895.3,59269.4,59569.5,16224.69
2026-06-24 19:00:00,59569.5,59973.3,59484.7,59923.8,7889.569
2026-06-24 20:00:00,59923.7,61188.0,59813.9,60926.5,26953.645
2026-06-24 21:00:00,60926.5,61115.2,60633.1,61073.6,6808.637
2026-06-24 22:00:00,61073.6,61256.0,60752.8,60850.2,5756.512
2026-06-24 23:00:00,60850.3,61086.3,60799.9,61051.2,2882.991
2026-06-25 00:00:00,61051.2,61138.9,60666.0,60786.9,5410.751
2026-06-25 01:00:00,60786.9,60960.5,60686.8,60892.9,3603.816
2026-06-25 02:00:00,60892.9,60939.0,60660.0,60763.2,4314.462
2026-06-25 03:00:00,60763.3,60877.7,60648.0,60853.9,3048.144
2026-06-25 04:00:00,60854.0,61389.0,60756.4,61323.2,6224.548
2026-06-25 05:00:00,61323.3,61800.0,61241.9,61567.1,13551.642
2026-06-25 06:00:00,61567.1,61829.1,61567.1,61693.5,4754.255
2026-06-25 07:00:00,61693.5,61931.1,61632.2,61886.7,6467.034
2026-06-25 08:00:00,61886.8,61897.6,61653.0,61686.4,5343.995
2026-06-25 09:00:00,61686.5,61764.9,61578.4,61707.8,3667.26
2026-06-25 10:00:00,61707.9,61727.9,61228.4,61245.3,7304.194
2026-06-25 11:00:00,61245.4,61395.3,61033.5,61258.2,11773.247
2026-06-25 12:00:00,61258.2,61742.9,61048.5,61216.4,12542.989
2026-06-25 13:00:00,61216.4,61346.4,58030.0,58248.4,65568.385
2026-06-25 14:00:00,58248.4,60466.9,58248.4,59448.7,68127.991
2026-06-25 15:00:00,59448.7,59630.2,58835.2,59536.2,20883.361
2026-06-25 16:00:00,59536.2,60035.7,59130.0,59284.0,13732.675
2026-06-25 17:00:00,59284.1,59720.0,59114.4,59656.3,7827.95
2026-06-25 18:00:00,59656.3,59775.0,59333.0,59491.0,7260.279
2026-06-25 19:00:00,59491.2,59496.6,59152.7,59299.8,7110.978
2026-06-25 20:00:00,59299.9,59723.5,59298.7,59428.8,6367.176
2026-06-25 21:00:00,59428.9,60245.0,59422.7,60180.7,6267.02
2026-06-25 22:00:00,60180.7,60180.8,59705.4,59815.1,6099.121
2026-06-25 23:00:00,59815.1,60164.3,59709.1,59771.9,4578.901
2026-06-26 00:00:00,59772.0,59882.2,59608.1,59638.2,3871.116
2026-06-26 01:00:00,59638.2,59761.3,59200.0,59413.0,6344.268
2026-06-26 02:00:00,59413.1,59432.3,58325.6,58536.0,24980.279
2026-06-26 03:00:00,58536.0,60125.7,58288.0,60015.0,26425.366
2026-06-26 04:00:00,60015.0,60234.8,59802.3,59899.9,8739.818
2026-06-26 05:00:00,59899.9,60039.1,59703.1,59921.8,5871.329
2026-06-26 06:00:00,59921.9,60440.0,59666.2,60298.9,10771.225
2026-06-26 07:00:00,60298.9,60734.0,60252.6,60491.0,14629.556
2026-06-26 08:00:00,60491.0,60542.6,60112.0,60215.3,7945.368
2026-06-26 09:00:00,60215.3,60229.8,59544.7,59709.3,10679.166
2026-06-26 10:00:00,59709.3,59834.2,59210.4,59290.0,10744.708
2026-06-26 11:00:00,59290.0,59569.0,59233.1,59392.4,6798.892
2026-06-26 12:00:00,59392.4,59998.4,58940.0,59167.6,23971.564
2026-06-26 13:00:00,59167.6,60189.5,58388.0,60153.3,35902.97
2026-06-26 14:00:00,60153.5,60274.2,59358.8,59568.9,21091.08
2026-06-26 15:00:00,59568.9,60494.1,59560.0,60296.6,16399.595
2026-06-26 16:00:00,60296.9,60580.0,59933.1,60017.8,13029.495
2026-06-26 17:00:00,60017.8,60276.5,59921.4,60000.0,6949.554
2026-06-26 18:00:00,60000.0,60140.7,59530.7,59648.9,5774.528
2026-06-26 19:00:00,59648.9,60077.8,59586.3,59719.7,7106.059
2026-06-26 20:00:00,59719.9,59970.0,59556.0,59694.7,4861.161
2026-06-26 21:00:00,59694.7,60028.0,59649.2,59887.6,2664.982
2026-06-26 22:00:00,59887.6,60051.0,59717.1,60007.5,3088.676
2026-06-26 23:00:00,60007.6,60090.8,59871.9,60072.0,3454.396
2026-06-27 00:00:00,60071.9,60167.3,59846.2,60033.4,3606.601
2026-06-27 01:00:00,60033.4,60046.9,59904.8,59919.1,1013.631
2026-06-27 02:00:00,59919.0,60349.0,59888.7,60256.6,4979.232
2026-06-27 03:00:00,60256.6,60387.8,60134.5,60274.7,3264.048
2026-06-27 04:00:00,60274.8,60472.2,60189.4,60215.9,3433.958
2026-06-27 05:00:00,60215.9,60286.0,60101.9,60208.3,1945.532
2026-06-27 06:00:00,60208.4,60492.2,60074.5,60345.3,4271.161
2026-06-27 07:00:00,60345.2,60557.8,60266.0,60522.3,3356.548
2026-06-27 08:00:00,60522.4,60522.5,60336.2,60425.1,2454.04
2026-06-27 09:00:00,60425.2,60482.9,60261.0,60391.2,2310.771
2026-06-27 10:00:00,60391.3,60466.5,60350.0,60390.3,1032.741
2026-06-27 11:00:00,60390.3,60425.4,60162.0,60331.9,3122.375
2026-06-27 12:00:00,60331.9,60407.1,60222.6,60394.0,1807.192
2026-06-27 13:00:00,60394.0,60643.1,60356.1,60554.6,4154.884
2026-06-27 14:00:00,60554.6,60697.6,60480.0,60588.9,3321.5
2026-06-27 15:00:00,60589.0,60924.7,60541.1,60817.2,7814.952
2026-06-27 16:00:00,60817.3,60850.0,60648.2,60785.0,2778.326
2026-06-27 17:00:00,60784.9,60796.6,60383.0,60495.6,6435.887
2026-06-27 18:00:00,60495.6,60547.3,60420.2,60537.8,1662.956
2026-06-27 19:00:00,60537.9,60576.9,60050.0,60149.9,5900.77
2026-06-27 20:00:00,60149.9,60283.4,60141.7,60272.8,1563.196
2026-06-27 21:00:00,60272.8,60469.8,60108.9,60173.4,2727.898
2026-06-27 22:00:00,60173.4,60230.0,59819.8,60204.3,4692.97
2026-06-27 23:00:00,60204.3,60303.2,59913.9,60000.3,3651.424
2026-06-28 00:00:00,60000.4,60168.7,59983.3,60125.1,1900.278
2026-06-28 01:00:00,60125.1,60256.8,59950.0,60193.0,2439.438
2026-06-28 02:00:00,60193.1,60314.3,60017.2,60121.2,2057.691
2026-06-28 03:00:00,60121.2,60250.4,60121.2,60169.5,1454.945
2026-06-28 04:00:00,60169.5,60205.4,60060.0,60108.1,1216.104
2026-06-28 05:00:00,60108.0,60112.3,59714.8,59956.6,5438.2
2026-06-28 06:00:00,59956.6,60020.0,59772.9,59970.0,2915.154
2026-06-28 07:00:00,59970.0,60247.1,59965.8,60192.5,3433.223
2026-06-28 08:00:00,60192.4,60543.3,60109.5,60340.1,4910.201
2026-06-28 09:00:00,60340.1,60444.0,60223.1,60230.0,2760.374
2026-06-28 10:00:00,60230.0,60271.8,60037.0,60138.5,2477.136
2026-06-28 11:00:00,60138.4,60351.3,60091.4,60314.9,2495.801
2026-06-28 12:00:00,60315.0,60435.8,60161.2,60270.0,2227.61
2026-06-28 13:00:00,60269.9,60269.9,59934.3,60044.5,4290.318
2026-06-28 14:00:00,60044.6,60228.5,59983.0,59995.3,2937.391
2026-06-28 15:00:00,59995.3,60103.2,59781.8,59849.9,5771.027
2026-06-28 16:00:00,59850.0,59915.7,59550.0,59655.9,7424.561
2026-06-28 17:00:00,59655.9,59821.9,59366.6,59557.3,8401.918
2026-06-28 18:00:00,59557.3,59678.8,59466.9,59580.7,3170.957
2026-06-28 19:00:00,59580.7,59658.2,59224.6,59451.4,5640.911
2026-06-28 20:00:00,59451.3,59747.7,59443.8,59634.0,4223.368
2026-06-28 21:00:00,59634.1,59773.8,59300.0,59418.1,4650.66
2026-06-28 22:00:00,59418.1,59883.2,58888.0,59040.1,13650.068
2026-06-28 23:00:00,59040.0,59820.4,58975.0,59550.2,7711.363
2026-06-29 00:00:00,59550.2,59678.1,58978.2,59637.3,9238.488
2026-06-29 01:00:00,59637.3,59674.3,59170.5,59413.0,5035.286
2026-06-29 02:00:00,59413.0,59788.0,58850.0,59731.7,13997.776
2026-06-29 03:00:00,59731.8,60219.4,59731.8,60019.8,9982.299
2026-06-29 04:00:00,60019.9,60031.5,59717.0,59806.2,2746.071
2026-06-29 05:00:00,59806.2,60088.0,59360.3,60082.7,6969.253
2026-06-29 06:00:00,60082.7,60325.0,60022.2,60051.0,7371.999
2026-06-29 07:00:00,60051.1,60162.5,59900.7,59998.9,3635.785
2026-06-29 08:00:00,59998.9,60070.1,59712.8,59806.9,4899.419
2026-06-29 09:00:00,59806.9,60089.1,59750.1,60031.3,5094.505
2026-06-29 10:00:00,60031.3,60287.1,60031.3,60062.4,5511.908
2026-06-29 11:00:00,60062.3,60193.2,59770.4,59927.2,6062.808
2026-06-29 12:00:00,59927.2,60758.3,59552.6,59923.5,34963.613
2026-06-29 13:00:00,59923.5,60313.0,59302.8,59559.3,21676.377
2026-06-29 14:00:00,59559.4,59689.6,58988.0,59444.0,22336.282
2026-06-29 15:00:00,59444.1,59939.2,59067.6,59800.2,18439.212
2026-06-29 16:00:00,59800.3,59999.0,59562.6,59870.9,6543.241
2026-06-29 17:00:00,59870.9,60666.6,59870.9,60396.0,17431.193
2026-06-29 18:00:00,60396.0,60500.1,60150.2,60275.4,6924.679
2026-06-29 19:00:00,60275.4,60540.0,60127.4,60409.3,6026.141
2026-06-29 20:00:00,60409.3,60535.0,60265.1,60271.2,4954.154
2026-06-29 21:00:00,60271.2,60565.6,60232.1,60454.9,2822.026
2026-06-29 22:00:00,60454.9,60493.2,60314.0,60326.5,2066.396
2026-06-29 23:00:00,60326.4,60353.9,60134.0,60224.7,3047.364
2026-06-30 00:00:00,60224.7,60250.0,59667.5,59806.1,9133.247
2026-06-30 01:00:00,59806.1,60024.9,59740.0,59919.6,4682.306
2026-06-30 02:00:00,59919.6,60021.4,59719.6,59920.4,3470.21
2026-06-30 03:00:00,59920.4,60007.9,59570.0,59596.1,5570.503
2026-06-30 04:00:00,59596.1,59672.1,59400.0,59458.3,8066.536
2026-06-30 05:00:00,59458.3,59633.5,59329.2,59627.7,7258.542
2026-06-30 06:00:00,59627.8,59698.9,59488.6,59571.7,3736.821
2026-06-30 07:00:00,59571.6,59611.7,59423.3,59497.7,3824.498
2026-06-30 08:00:00,59497.7,59532.7,59159.0,59285.8,8863.332
2026-06-30 09:00:00,59285.8,59397.0,59225.0,59348.7,4167.963
2026-06-30 10:00:00,59348.7,59403.0,59264.5,59303.6,2380.9
2026-06-30 11:00:00,59303.7,59399.3,59100.0,59162.3,6214.318
2026-06-30 12:00:00,59162.2,59162.3,58351.0,58374.8,25243.04
2026-06-30 13:00:00,58374.8,58791.7,58200.0,58711.9,26034.559
2026-06-30 14:00:00,58711.8,59264.4,58400.1,58458.6,23045.692
2026-06-30 15:00:00,58458.7,58785.6,58160.0,58356.2,18133.224
2026-06-30 16:00:00,58356.2,58617.4,58223.3,58479.3,7812.9
2026-06-30 17:00:00,58479.2,58604.8,58290.0,58396.7,4252.186
2026-06-30 18:00:00,58396.8,58675.0,58334.0,58659.8,4692.25
2026-06-30 19:00:00,58659.9,58819.9,58560.0,58794.4,4770.762
2026-06-30 20:00:00,58794.0,58850.0,58621.3,58708.0,3590.107
2026-06-30 21:00:00,58708.0,58744.3,58472.3,58612.1,3145.534
2026-06-30 22:00:00,58612.3,58780.0,58477.1,58575.8,2005.278
2026-06-30 23:00:00,58575.7,58636.7,58518.8,58605.4,1551.593
2026-07-01 00:00:00,58605.4,58720.0,58270.0,58548.7,5536.729
2026-07-01 01:00:00,58548.7,58991.6,57758.6,58741.7,28902.834
2026-07-01 02:00:00,58741.8,59152.0,58632.4,59063.3,12017.6
2026-07-01 03:00:00,59063.3,59298.4,58823.9,59169.6,9833.129
2026-07-01 04:00:00,59169.7,59444.5,59030.9,59311.2,5966.189
2026-07-01 05:00:00,59311.1,59350.0,59085.0,59122.4,4463.091
2026-07-01 06:00:00,59122.3,59130.0,58500.1,58726.8,13792.727
2026-07-01 07:00:00,58726.7,58797.6,58567.2,58744.4,4204.786
2026-07-01 08:00:00,58744.4,58965.0,58450.7,58950.8,6346.255
2026-07-01 09:00:00,58950.8,59069.7,58792.8,58921.4,5253.469
2026-07-01 10:00:00,58921.4,58923.3,58590.9,58631.6,3734.411
2026-07-01 11:00:00,58631.6,58733.5,58524.2,58592.9,3608.449
2026-07-01 12:00:00,58592.8,58655.6,58294.1,58495.6,8651.069
2026-07-01 13:00:00,58495.6,59486.7,58495.5,59463.1,22483.032
2026-07-01 14:00:00,59463.0,60067.9,59239.9,59523.8,29537.612
2026-07-01 15:00:00,59523.7,60520.0,59496.9,60118.5,22422.372
2026-07-01 16:00:00,60118.6,60244.0,59836.1,59902.8,7712.896
2026-07-01 17:00:00,59902.9,60218.2,59762.6,60166.5,6967.927
2026-07-01 18:00:00,60166.5,60278.9,59992.7,60141.5,4929.144
2026-07-01 19:00:00,60141.5,60332.8,59952.3,60000.0,5201.063
2026-07-01 20:00:00,60000.0,60170.3,59844.5,60100.3,4206.586
2026-07-01 21:00:00,60100.3,60827.8,60092.7,60799.9,16099.76
2026-07-01 22:00:00,60799.9,61322.0,60319.3,60446.3,23792.275
2026-07-01 23:00:00,60446.3,60446.3,59949.2,59999.6,8275.076
2026-07-02 00:00:00,59999.6,60005.7,59555.0,59719.7,11009.328
2026-07-02 01:00:00,59719.7,60298.0,59688.9,60150.0,8878.647
2026-07-02 02:00:00,60150.0,60467.2,59978.3,60392.5,5419.48
2026-07-02 03:00:00,60392.4,61102.5,60259.1,61032.9,12526.353
2026-07-02 04:00:00,61032.9,61033.0,60703.1,60757.7,7263.034
2026-07-02 05:00:00,60757.7,60852.9,60450.0,60479.9,9042.359
2026-07-02 06:00:00,60480.0,60623.5,60232.6,60247.6,8467.548
2026-07-02 07:00:00,60247.6,60288.0,60080.9,60125.8,9344.837
2026-07-02 08:00:00,60125.8,60542.2,60113.5,60486.8,6198.207
2026-07-02 09:00:00,60486.7,61447.0,60342.5,61159.6,25607.036
2026-07-02 10:00:00,61159.6,61330.0,61019.8,61238.5,9252.747
2026-07-02 11:00:00,61238.4,61367.3,61100.0,61329.1,12681.094
2026-07-02 12:00:00,61329.1,61591.1,61109.9,61507.4,18071.778
2026-07-02 13:00:00,61507.3,62077.3,61472.0,61913.5,25674.18
2026-07-02 14:00:00,61913.6,62180.0,61368.8,61669.8,18344.228
2026-07-02 15:00:00,61669.7,61844.4,61400.0,61584.0,7696.828
2026-07-02 16:00:00,61584.0,61754.9,61113.8,61646.8,13879.115
2026-07-02 17:00:00,61646.8,61900.0,61592.8,61643.0,6139.152
2026-07-02 18:00:00,61643.0,61847.2,61633.7,61733.5,3075.802
2026-07-02 19:00:00,61733.5,61739.7,61388.1,61452.5,5108.61
2026-07-02 20:00:00,61452.4,61576.8,61308.3,61555.4,4121.371
2026-07-02 21:00:00,61555.3,61634.3,61500.0,61570.6,1957.081
2026-07-02 22:00:00,61570.5,61570.6,61388.0,61445.0,3574.01
2026-07-02 23:00:00,61444.9,61588.2,61333.0,61540.6,2617.247
2026-07-03 00:00:00,61540.5,61558.8,61229.0,61283.9,3597.556
2026-07-03 01:00:00,61283.9,61727.2,61261.0,61566.5,4451.238
2026-07-03 02:00:00,61566.6,61647.0,61271.0,61411.8,3999.381
2026-07-03 03:00:00,61411.9,61558.0,61300.0,61407.6,3005.736
2026-07-03 04:00:00,61407.5,61504.6,61300.4,61420.5,2696.433
2026-07-03 05:00:00,61420.5,61788.0,61403.1,61674.8,4765.665
2026-07-03 06:00:00,61674.7,61825.1,61584.0,61680.5,3450.463
2026-07-03 07:00:00,61680.6,61849.7,61634.1,61733.6,3348.266
2026-07-03 08:00:00,61733.7,61875.3,61525.9,61553.5,4222.917
2026-07-03 09:00:00,61553.6,61760.7,61480.7,61686.8,3311.924
2026-07-03 10:00:00,61686.9,62017.7,61640.2,61886.6,5642.212
2026-07-03 11:00:00,61886.5,62078.6,61808.1,61992.8,5889.006
2026-07-03 12:00:00,61992.8,62149.3,61841.0,61952.5,8242.179
2026-07-03 13:00:00,61952.6,62271.9,61910.5,62083.8,5936.24
2026-07-03 14:00:00,62083.9,62257.0,61653.0,62142.9,8788.007
2026-07-03 15:00:00,62142.9,62386.7,61778.1,61895.2,13581.616
2026-07-03 16:00:00,61895.2,62103.5,61877.6,62081.9,4059.255
2026-07-03 17:00:00,62081.9,62266.8,62036.0,62171.5,4094.585
2026-07-03 18:00:00,62171.5,62223.7,62087.4,62180.2,2583.154
2026-07-03 19:00:00,62180.3,62292.4,62120.1,62178.4,3755.875
2026-07-03 20:00:00,62178.4,62898.0,62151.2,62759.3,21132.14
2026-07-03 21:00:00,62759.3,62957.2,62488.8,62706.8,7035.75
2026-07-03 22:00:00,62706.9,62726.0,62513.0,62549.3,2682.334
2026-07-03 23:00:00,62549.3,62688.0,62507.1,62565.5,2226.562
2026-07-04 00:00:00,62565.5,62925.7,62560.5,62735.1,5338.885
2026-07-04 01:00:00,62735.0,62735.1,62381.6,62450.0,5177.732
2026-07-04 02:00:00,62450.0,62556.5,62404.0,62514.0,1900.751
2026-07-04 03:00:00,62514.1,62734.7,62460.0,62609.6,2757.48
2026-07-04 04:00:00,62609.6,62735.2,62568.8,62661.5,1944.821
2026-07-04 05:00:00,62661.6,62661.6,62395.7,62445.6,2620.858
2026-07-04 06:00:00,62445.7,62538.6,62302.6,62473.2,2993.905
2026-07-04 07:00:00,62473.1,62612.6,62441.8,62549.0,2131.436
2026-07-04 08:00:00,62549.1,62654.1,62485.1,62528.0,2712.962
2026-07-04 09:00:00,62527.9,62559.3,62386.1,62466.0,1929.56
2026-07-04 10:00:00,62466.0,62518.8,62418.3,62483.9,1203.457
2026-07-04 11:00:00,62483.8,62545.4,62430.1,62458.7,1559.204
2026-07-04 12:00:00,62458.6,62671.5,62458.6,62634.1,1790.061
2026-07-04 13:00:00,62634.0,62755.5,62509.4,62563.0,2399.918
2026-07-04 14:00:00,62562.9,62719.3,62562.4,62671.9,1875.0
2026-07-04 15:00:00,62671.8,63069.6,62666.7,62908.8,9460.185
2026-07-04 16:00:00,62908.7,62943.0,62752.9,62895.2,2956.899
2026-07-04 17:00:00,62895.2,63420.0,62769.8,63245.6,10022.122
2026-07-04 18:00:00,63245.5,63324.8,63070.0,63137.5,3957.615
2026-07-04 19:00:00,63137.5,63450.0,63090.0,63268.1,4202.383
2026-07-04 20:00:00,63268.0,63367.0,63128.4,63208.9,2485.99
2026-07-04 21:00:00,63208.8,63430.0,63172.8,63274.7,2460.986
2026-07-04 22:00:00,63274.6,63286.4,63129.4,63167.7,1955.701
2026-07-04 23:00:00,63167.7,63215.8,62902.7,63114.8,3811.613
2026-07-05 00:00:00,63114.9,63114.9,62824.4,62962.5,3551.601
2026-07-05 01:00:00,62962.6,63022.6,62762.3,62859.8,4010.604
2026-07-05 02:00:00,62859.8,62902.6,62549.6,62673.8,4562.372
2026-07-05 03:00:00,62673.7,62766.0,62626.5,62739.1,2361.782
2026-07-05 04:00:00,62739.1,62928.0,62680.0,62787.3,2921.002
2026-07-05 05:00:00,62787.0,62788.4,62628.0,62716.4,2140.339
2026-07-05 06:00:00,62716.4,62800.0,62644.3,62749.9,1389.733
2026-07-05 07:00:00,62749.8,63039.3,62690.5,62995.1,3714.195
2026-07-05 08:00:00,62995.1,63084.0,62868.0,62893.3,2742.219
2026-07-05 09:00:00,62893.4,62908.7,62410.1,62600.3,6542.351
2026-07-05 10:00:00,62600.2,62737.9,62507.2,62737.6,2252.572
2026-07-05 11:00:00,62737.6,62799.9,62582.3,62630.0,1774.562
2026-07-05 12:00:00,62630.0,62752.0,62534.3,62718.2,2260.963
2026-07-05 13:00:00,62718.3,62797.9,62617.5,62769.9,2043.696
2026-07-05 14:00:00,62769.9,62793.6,62621.5,62785.3,1709.374
2026-07-05 15:00:00,62785.2,62923.7,62646.9,62711.9,4065.907
2026-07-05 16:00:00,62711.9,62745.6,62570.0,62612.0,3034.915
2026-07-05 17:00:00,62612.0,62800.0,62564.4,62601.3,2087.571
2026-07-05 18:00:00,62601.4,62865.0,62587.8,62787.6,1904.702
2026-07-05 19:00:00,62787.6,62848.5,62691.2,62744.0,1276.56
2026-07-05 20:00:00,62744.1,62815.1,62667.5,62704.7,862.24
2026-07-05 21:00:00,62704.8,63224.7,62580.0,63070.4,6287.574
2026-07-05 22:00:00,63070.4,63979.3,62976.3,63717.1,20592.411
2026-07-05 23:00:00,63717.1,63990.7,63542.8,63617.1,8537.899
2026-07-06 00:00:00,63617.2,63760.0,63308.3,63728.4,7726.289
2026-07-06 01:00:00,63728.3,63900.0,63520.0,63544.2,4911.735
2026-07-06 02:00:00,63544.1,63644.1,63340.4,63425.1,5031.491
2026-07-06 03:00:00,63425.1,63478.4,63101.2,63273.0,6110.788
2026-07-06 04:00:00,63272.9,63368.3,63154.6,63242.9,2765.979
2026-07-06 05:00:00,63242.8,63242.8,62912.6,63086.0,6116.52
2026-07-06 06:00:00,63086.0,63125.6,62940.0,62962.6,3366.096
2026-07-06 07:00:00,62962.6,63102.7,62858.4,63064.5,4208.151
2026-07-06 08:00:00,63064.5,63226.4,62807.1,62876.1,5227.929
2026-07-06 09:00:00,62876.0,62893.9,62610.0,62646.6,5981.406
2026-07-06 10:00:00,62646.5,63019.3,62641.5,62797.6,5488.25
2026-07-06 11:00:00,62797.7,62979.4,62461.4,62461.4,10912.522
2026-07-06 12:00:00,62461.2,62467.2,61652.0,61733.6,34860.28
2026-07-06 13:00:00,61733.6,62023.8,61297.0,61751.7,25787.251
2026-07-06 14:00:00,61751.7,62397.3,61679.4,62019.7,16281.511
2026-07-06 15:00:00,62019.7,63531.1,62019.7,63523.1,28807.014
2026-07-06 16:00:00,63523.0,63850.0,63356.8,63710.4,21207.184
2026-07-06 17:00:00,63710.4,63977.9,63539.9,63565.2,11369.867
2026-07-06 18:00:00,63565.2,63867.5,63532.8,63675.7,4653.007
2026-07-06 19:00:00,63675.8,63874.4,63628.0,63709.8,3459.098
2026-07-06 20:00:00,63709.9,63868.0,63560.0,63798.0,3993.392
2026-07-06 21:00:00,63798.1,64691.9,63781.7,64475.9,17905.498
2026-07-06 22:00:00,64475.9,64488.8,64129.4,64227.2,3777.611
2026-07-06 23:00:00,64227.2,64330.5,64002.0,64023.6,2844.93
2026-07-07 00:00:00,64023.5,64298.1,63981.6,64175.2,4516.091
2026-07-07 01:00:00,64175.1,64175.2,63738.9,63815.0,6656.918
2026-07-07 02:00:00,63815.0,63884.1,63257.0,63298.2,12011.75
2026-07-07 03:00:00,63298.2,63412.8,63122.0,63165.0,6438.175
2026-07-07 04:00:00,63164.9,63266.7,63030.7,63069.0,5517.363
2026-07-07 05:00:00,63069.0,63232.7,62745.6,63092.5,10146.888
2026-07-07 06:00:00,63092.4,63373.3,62954.4,63310.0,6420.153
2026-07-07 07:00:00,63309.9,63424.2,63050.0,63062.6,5308.971
2026-07-07 08:00:00,63062.7,63165.7,62958.4,63074.0,3246.141
2026-07-07 09:00:00,63074.0,63317.4,63030.0,63226.9,3984.997
2026-07-07 10:00:00,63227.0,63432.8,63185.4,63258.6,4429.345
2026-07-07 11:00:00,63258.6,63427.8,63080.0,63377.7,4669.388
2026-07-07 12:00:00,63377.8,63868.0,63365.7,63451.9,11307.971
2026-07-07 13:00:00,63451.8,63455.4,62960.3,63033.2,13510.125
2026-07-07 14:00:00,63033.3,63617.8,62638.0,63536.5,19586.851
2026-07-07 15:00:00,63536.5,64096.0,63349.4,63910.0,15827.862
2026-07-07 16:00:00,63910.0,64234.1,63780.3,63962.4,8485.483
2026-07-07 17:00:00,63962.4,64211.0,63868.2,64164.7,4437.323
2026-07-07 18:00:00,64164.6,64168.8,63646.5,63653.8,6767.564
2026-07-07 19:00:00,63653.6,63873.2,63351.4,63794.9,8996.679
2026-07-07 20:00:00,63794.9,63874.6,63588.5,63668.3,2860.895
2026-07-07 21:00:00,63668.4,63839.9,63264.0,63399.5,5782.613
2026-07-07 22:00:00,63399.5,63635.4,63177.0,63514.9,3966.559
2026-07-07 23:00:00,63514.9,63679.5,63288.0,63335.4,2329.733
2026-07-08 00:00:00,63335.4,63740.2,63274.1,63585.9,3564.601
2026-07-08 01:00:00,63585.9,63624.0,62883.6,63003.7,8120.007
2026-07-08 02:00:00,63003.7,63037.1,62466.9,62951.3,13015.007
2026-07-08 03:00:00,62951.4,63067.9,62666.0,62741.0,4155.352
2026-07-08 04:00:00,62741.0,62873.3,62643.6,62767.3,3191.098
2026-07-08 05:00:00,62766.9,62851.2,62520.4,62613.8,4053.867
2026-07-08 06:00:00,62613.8,62718.2,62434.9,62628.5,5098.065
2026-07-08 07:00:00,62628.5,62867.7,62519.3,62854.1,5614.701
2026-07-08 08:00:00,62854.1,62921.8,61821.0,61989.8,24133.055
2026-07-08 09:00:00,61989.8,62142.9,61708.2,62031.7,11392.528
2026-07-08 10:00:00,62031.8,62164.7,61876.0,62149.8,5056.481
2026-07-08 11:00:00,62149.9,62366.0,62025.2,62270.0,5367.666
2026-07-08 12:00:00,62270.0,62394.1,61933.0,61933.9,5991.213
2026-07-08 13:00:00,61933.9,62073.6,61615.0,61923.0,12545.108
2026-07-08 14:00:00,61922.9,62151.9,61686.7,61865.5,10860.112
2026-07-08 15:00:00,61865.6,61900.5,61520.0,61674.5,9713.099
2026-07-08 16:00:00,61674.6,62129.8,61666.0,62086.4,7113.853
2026-07-08 17:00:00,62086.3,62372.7,62005.2,62086.5,6899.963
2026-07-08 18:00:00,62086.4,62331.0,62014.1,62158.8,3724.733
2026-07-08 19:00:00,62158.9,62270.4,62043.0,62251.9,2519.071
2026-07-08 20:00:00,62251.9,62287.1,62051.2,62076.2,2354.879
2026-07-08 21:00:00,62076.2,62226.4,61926.9,62162.4,4462.192
2026-07-08 22:00:00,62162.4,62331.8,62144.4,62303.5,2226.252
2026-07-08 23:00:00,62303.5,62320.6,62139.3,62255.3,1922.822
2026-07-09 00:00:00,62255.1,62284.4,62025.4,62101.8,3023.797
2026-07-09 01:00:00,62101.8,62620.2,61796.1,61882.2,10363.949
2026-07-09 02:00:00,61882.2,62098.0,61666.0,61753.7,4989.881
2026-07-09 03:00:00,61753.8,62042.7,61693.1,61943.1,3408.734
2026-07-09 04:00:00,61943.2,62427.7,61929.0,62420.4,5177.524
2026-07-09 05:00:00,62420.3,62599.6,62204.9,62565.8,7762.964
2026-07-09 06:00:00,62565.8,62958.0,62452.1,62934.0,10744.759
2026-07-09 07:00:00,62933.9,63286.5,62774.5,62973.7,11947.227
2026-07-09 08:00:00,62973.6,63083.9,62822.8,62872.6,4400.093
2026-07-09 09:00:00,62872.6,62980.4,62753.1,62925.0,3618.009
2026-07-09 10:00:00,62925.0,63030.5,62653.8,62757.2,3716.851
2026-07-09 11:00:00,62757.2,62804.8,62583.4,62756.0,5140.324
2026-07-09 12:00:00,62755.9,62934.3,62428.5,62583.3,19486.3
2026-07-09 13:00:00,62583.3,63215.0,62490.2,62999.9,9489.196
2026-07-09 14:00:00,63000.0,63117.9,62620.1,62982.5,7113.788
2026-07-09 15:00:00,62982.4,63233.0,62782.5,62835.4,6941.238
2026-07-09 16:00:00,62835.4,62969.3,62525.2,62670.7,5324.178
2026-07-09 17:00:00,62670.7,63146.0,62640.2,63114.7,5492.868
2026-07-09 18:00:00,63114.8,63484.9,63041.9,63199.8,10034.92
2026-07-09 19:00:00,63199.9,63365.0,63130.0,63222.9,2981.368
2026-07-09 20:00:00,63222.9,63300.0,63148.1,63288.7,1854.485
2026-07-09 21:00:00,63288.8,63371.7,63162.7,63248.9,1886.986
2026-07-09 22:00:00,63249.0,63395.9,63180.9,63186.1,2732.059
2026-07-09 23:00:00,63186.2,63299.9,63032.2,63197.0,3222.795
2026-07-10 00:00:00,63197.1,63239.2,62897.0,63085.3,4961.377
2026-07-10 01:00:00,63085.3,63938.8,62931.7,63726.6,11961.053
2026-07-10 02:00:00,63726.7,64022.0,63662.6,63935.0,7618.357
2026-07-10 03:00:00,63935.0,64019.7,63789.0,63917.2,4041.922
2026-07-10 04:00:00,63917.3,64168.0,63826.4,64019.3,6097.263
2026-07-10 05:00:00,64019.2,64185.0,63915.0,64090.0,4203.902
2026-07-10 06:00:00,64089.9,64138.7,63804.4,63832.8,4672.326
2026-07-10 07:00:00,63832.8,63980.0,63765.5,63956.1,4743.281
2026-07-10 08:00:00,63956.1,64387.9,63949.1,64211.4,12036.605
2026-07-10 09:00:00,64211.5,64459.9,64065.7,64360.4,8387.949
2026-07-10 10:00:00,64360.4,64478.3,64244.6,64374.0,4417.956
2026-07-10 11:00:00,64374.0,64450.3,64309.0,64394.2,2719.427
2026-07-10 12:00:00,64394.2,64587.9,64236.3,64258.9,6480.494
2026-07-10 13:00:00,64258.9,64680.0,64127.0,64453.7,9691.781
2026-07-10 14:00:00,64453.6,64491.8,63768.0,63897.9,13660.447
2026-07-10 15:00:00,63897.9,64196.1,63875.5,64018.7,5262.22
2026-07-10 16:00:00,64018.7,64208.1,63802.4,64118.9,4431.076
2026-07-10 17:00:00,64118.9,64139.6,63803.6,63804.0,2988.902
2026-07-10 18:00:00,63804.1,63990.0,63718.1,63792.0,2758.665
2026-07-10 19:00:00,63792.0,64029.9,63755.8,63900.4,3498.343
2026-07-10 20:00:00,63900.4,63909.2,63619.9,63820.0,6698.936
2026-07-10 21:00:00,63820.1,64086.4,63813.6,63987.6,2417.892
2026-07-10 22:00:00,63987.7,64142.7,63953.9,64089.9,2814.802
2026-07-10 23:00:00,64089.8,64176.9,63989.2,64129.5,2223.081
2026-07-11 00:00:00,64129.5,64137.1,64000.0,64090.1,1731.884
2026-07-11 01:00:00,64090.1,64288.7,63969.9,63979.2,2766.132
2026-07-11 02:00:00,63979.1,64137.8,63950.1,64130.5,1433.009
2026-07-11 03:00:00,64130.5,64169.1,64037.4,64117.2,1351.12
2026-07-11 04:00:00,64117.2,64182.0,64047.2,64123.4,1026.864
2026-07-11 05:00:00,64123.4,64198.8,64085.2,64141.6,1652.038
2026-07-11 06:00:00,64141.6,64250.0,64091.6,64186.7,1422.943
2026-07-11 07:00:00,64186.7,64224.0,64120.6,64132.6,1227.267
2026-07-11 08:00:00,64132.6,64280.0,64123.0,64239.6,1627.259
2026-07-11 09:00:00,64239.6,64272.7,64129.0,64143.0,1347.449
2026-07-11 10:00:00,64143.1,64185.0,64110.2,64163.9,1266.216
2026-07-11 11:00:00,64163.9,64192.8,64146.3,64176.0,761.804
2026-07-11 12:00:00,64176.1,64207.0,64112.0,64168.4,1196.286
2026-07-11 13:00:00,64168.5,64245.4,64144.4,64213.9,1495.498
2026-07-11 14:00:00,64213.9,64497.4,64213.9,64321.0,4280.166
2026-07-11 15:00:00,64321.0,64461.4,63668.8,64139.0,11703.971
2026-07-11 16:00:00,64139.1,64245.3,64050.4,64148.2,2521.736
2026-07-11 17:00:00,64148.1,64375.8,64133.4,64289.8,2299.591
2026-07-11 18:00:00,64289.8,64368.6,64258.1,64299.7,1059.229
2026-07-11 19:00:00,64299.7,64313.1,64205.7,64262.0,899.66
2026-07-11 20:00:00,64261.9,64438.9,64261.9,64353.2,1218.353
2026-07-11 21:00:00,64353.3,64404.7,64310.0,64325.5,906.265
2026-07-11 22:00:00,64325.5,64405.2,64110.5,64169.1,2214.267
2026-07-11 23:00:00,64169.1,64223.2,63776.0,63783.0,6265.888
2026-07-12 00:00:00,63783.1,63884.9,63657.4,63802.9,4816.995
2026-07-12 01:00:00,63802.9,64146.2,63783.0,64106.0,3478.097
2026-07-12 02:00:00,64106.0,64112.7,64002.0,64049.2,1748.455
2026-07-12 03:00:00,64049.2,64217.8,64002.9,64201.8,2142.993
2026-07-12 04:00:00,64201.9,64238.0,63912.5,63974.3,2506.065
2026-07-12 05:00:00,63974.2,63998.6,63867.0,63938.0,1922.293
2026-07-12 06:00:00,63938.0,63938.0,63602.8,63728.7,5247.13
2026-07-12 07:00:00,63728.6,63879.0,63708.2,63856.4,1638.415
2026-07-12 08:00:00,63856.4,64083.7,63854.1,63951.6,2612.699
2026-07-12 09:00:00,63951.6,64024.4,63730.7,63930.0,3030.6
2026-07-12 10:00:00,63930.1,63930.1,63807.3,63838.9,1174.004
2026-07-12 11:00:00,63838.9,64012.8,63796.3,63993.8,1872.65
2026-07-12 12:00:00,63993.8,64118.5,63946.0,63998.4,2403.082
2026-07-12 13:00:00,63998.5,64073.4,63959.3,63997.3,1262.062
2026-07-12 14:00:00,63997.3,64271.9,63928.0,64175.0,2804.565
2026-07-12 15:00:00,64175.0,64238.9,64091.5,64149.9,2903.188
2026-07-12 16:00:00,64150.0,64184.8,64013.0,64146.8,2987.458
2026-07-12 17:00:00,64146.7,64146.8,63983.1,64050.3,1096.969
2026-07-12 18:00:00,64050.2,64126.6,63985.1,64124.6,1249.778
2026-07-12 19:00:00,64124.7,64248.0,64114.9,64201.9,1298.912
2026-07-12 20:00:00,64202.0,64227.4,64141.6,64168.5,878.789
2026-07-12 21:00:00,64168.5,64207.4,63856.3,63889.6,2630.665
2026-07-12 22:00:00,63889.5,63895.8,63634.1,63855.0,6060.141
2026-07-12 23:00:00,63855.0,63883.6,63693.0,63750.0,2325.941
2026-07-13 00:00:00,63749.9,64411.8,63538.0,64041.8,16536.408
2026-07-13 01:00:00,64041.8,64044.0,63366.0,63382.1,12315.44
2026-07-13 02:00:00,63382.1,63527.6,63204.0,63344.8,7882.245
2026-07-13 03:00:00,63344.9,63362.4,62705.0,62780.2,15709.528
2026-07-13 04:00:00,62780.1,62884.8,62592.1,62649.8,6758.166
2026-07-13 05:00:00,62649.7,62880.0,62434.9,62764.1,8371.052
2026-07-13 06:00:00,62764.1,62848.2,62675.0,62766.6,2684.94
2026-07-13 07:00:00,62766.6,63030.0,62719.4,62952.7,6413.166
2026-07-13 08:00:00,62952.8,63260.0,62902.5,63174.9,5653.085
2026-07-13 09:00:00,63174.9,63179.3,63064.4,63074.0,3292.544
2026-07-13 10:00:00,63074.0,63130.9,62834.4,62844.6,9350.106
2026-07-13 11:00:00,62844.7,63116.1,62844.7,62881.3,4701.727
2026-07-13 12:00:00,62881.4,62970.7,62531.0,62597.9,8803.456
2026-07-13 13:00:00,62597.9,62752.4,62141.2,62300.1,18486.59
2026-07-13 14:00:00,62300.1,62777.0,62061.3,62770.3,15429.637
2026-07-13 15:00:00,62770.2,62965.0,62543.5,62596.6,9348.486
2026-07-13 16:00:00,62596.7,62614.5,62183.9,62258.0,8644.969
2026-07-13 17:00:00,62258.0,62347.2,61877.0,61877.0,8894.99
2026-07-13 18:00:00,61877.1,62077.6,61806.0,61997.3,7281.929
2026-07-13 19:00:00,61997.4,62267.0,61962.5,62258.0,4034.752
2026-07-13 20:00:00,62257.9,62299.0,62020.0,62179.3,3539.601
2026-07-13 21:00:00,62179.3,62192.1,61868.0,62034.1,3364.102
2026-07-13 22:00:00,62034.0,62199.0,61883.1,61897.9,3177.324
2026-07-13 23:00:00,61897.9,62333.4,61854.5,62307.0,5107.98
2026-07-14 00:00:00,62307.0,62639.3,62240.9,62520.7,5906.236
2026-07-14 01:00:00,62520.7,62614.2,62427.0,62505.2,3019.814
2026-07-14 02:00:00,62505.2,62610.0,62286.9,62516.8,3512.258
2026-07-14 03:00:00,62516.8,62576.2,62279.0,62538.2,3341.315
2026-07-14 04:00:00,62538.3,62744.4,62511.0,62713.6,3346.574
2026-07-14 05:00:00,62713.6,62848.0,62669.4,62699.9,3751.791
2026-07-14 06:00:00,62699.9,62752.0,62537.0,62600.1,3174.255
2026-07-14 07:00:00,62600.1,62633.0,62489.7,62529.7,2683.89
2026-07-14 08:00:00,62529.7,62780.0,62458.3,62680.1,3017.401
2026-07-14 09:00:00,62680.1,62721.2,62502.3,62604.2,2286.405
2026-07-14 10:00:00,62604.2,62880.0,62577.5,62767.5,3460.434
2026-07-14 11:00:00,62767.6,62896.0,62680.7,62810.3,3168.243
2026-07-14 12:00:00,62810.3,63956.0,62756.5,63935.2,42323.953
2026-07-14 13:00:00,63935.2,64162.2,63666.0,63802.8,18520.356
2026-07-14 14:00:00,63802.8,64310.0,63550.0,64277.3,13029.805
2026-07-14 15:00:00,64277.2,64950.0,64163.6,64727.5,25734.552
2026-07-14 16:00:00,64727.4,64879.0,64589.3,64703.9,8467.888
2026-07-14 17:00:00,64704.0,64704.0,64200.0,64597.5,14211.303
2026-07-14 18:00:00,64597.5,64631.6,64448.7,64544.0,2451.479
2026-07-14 19:00:00,64544.0,64687.9,64456.3,64543.0,2680.106
2026-07-14 20:00:00,64543.1,64576.4,64390.4,64538.6,2370.521
2026-07-14 21:00:00,64538.6,64877.7,64496.2,64650.0,3377.629
2026-07-14 22:00:00,64649.9,65130.0,64485.4,64837.1,12393.571
2026-07-14 23:00:00,64837.2,65040.3,64750.0,65014.7,4645.404
2026-07-15 00:00:00,65014.6,65043.3,64743.6,64798.1,4489.662
2026-07-15 01:00:00,64798.1,64830.2,64618.8,64643.7,3480.114
2026-07-15 02:00:00,64643.7,64732.6,64456.7,64473.0,3174.884
2026-07-15 03:00:00,64473.1,64820.1,64473.0,64760.8,2866.928
2026-07-15 04:00:00,64760.9,64868.0,64686.6,64723.5,2176.426
2026-07-15 05:00:00,64723.6,64941.7,64580.0,64920.5,2716.995
2026-07-15 06:00:00,64920.5,65260.0,64784.7,64784.7,8661.145
2026-07-15 07:00:00,64784.8,64850.0,64450.9,64528.0,6827.282
2026-07-15 08:00:00,64528.0,64785.8,64528.0,64745.0,3889.073
2026-07-15 09:00:00,64744.9,64899.9,64626.2,64644.6,3146.199
2026-07-15 10:00:00,64644.6,64826.8,64582.7,64633.0,2611.385
2026-07-15 11:00:00,64633.0,64728.7,64585.6,64707.5,1873.463
2026-07-15 12:00:00,64707.4,65241.3,64568.8,65133.7,12263.474
2026-07-15 13:00:00,65133.7,65550.5,64852.5,65090.2,18067.99
2026-07-15 14:00:00,65090.2,65497.0,65033.5,65364.8,10429.982
2026-07-15 15:00:00,65364.8,65589.7,65230.0,65391.6,7683.692
2026-07-15 16:00:00,65391.5,65438.0,64752.0,65089.5,14894.086
2026-07-15 17:00:00,65089.6,65148.2,64939.5,65023.1,8953.781
2026-07-15 18:00:00,65023.1,65130.0,64817.1,64837.4,3429.166
2026-07-15 19:00:00,64837.4,64967.9,64708.0,64942.0,2826.502
2026-07-15 20:00:00,64942.1,65030.5,64869.8,64939.9,1207.369
2026-07-15 21:00:00,64939.9,64985.9,64756.7,64800.0,1958.445
2026-07-15 22:00:00,64800.0,64949.7,64739.0,64831.5,2140.517
2026-07-15 23:00:00,64831.6,64912.5,64660.0,64721.4,2455.054
2026-07-16 00:00:00,64721.4,64814.7,64464.0,64554.3,4878.987
2026-07-16 01:00:00,64554.3,64807.9,64362.2,64698.6,4747.944
2026-07-16 02:00:00,64698.6,64705.0,64550.0,64616.1,1791.299
2026-07-16 03:00:00,64616.1,64723.3,64521.0,64593.0,2045.084
2026-07-16 04:00:00,64593.0,64667.0,64512.0,64610.9,2014.066
2026-07-16 05:00:00,64610.9,64974.5,64573.4,64897.9,6259.94
2026-07-16 06:00:00,64898.0,64951.2,64603.4,64750.0,3438.699
2026-07-16 07:00:00,64749.9,64750.0,64005.6,64200.0,12271.054
2026-07-16 08:00:00,64200.1,64340.0,63843.1,64096.7,14623.947
2026-07-16 09:00:00,64096.6,64155.9,63985.1,64063.8,3330.267
2026-07-16 10:00:00,64063.9,64241.3,64047.7,64186.9,2653.349
2026-07-16 11:00:00,64187.0,64245.6,64057.2,64226.6,2957.306
2026-07-16 12:00:00,64226.6,64226.6,63833.0,63938.1,6794.898
2026-07-16 13:00:00,63938.2,64458.7,63930.1,64354.4,11289.067
2026-07-16 14:00:00,64354.3,64844.3,64300.1,64510.0,12450.661
2026-07-16 15:00:00,64510.0,64874.7,64281.6,64677.7,8163.41
2026-07-16 16:00:00,64677.7,64687.6,64299.4,64448.4,5409.449
2026-07-16 17:00:00,64448.4,64453.1,63958.0,64045.6,7575.592
2026-07-16 18:00:00,64045.5,64306.8,64022.3,64217.1,3448.519
2026-07-16 19:00:00,64217.0,64277.7,64120.2,64241.6,1749.703
2026-07-16 20:00:00,64241.7,64249.9,64075.1,64090.1,1258.646
2026-07-16 21:00:00,64090.1,64217.6,64077.3,64135.9,1257.933
2026-07-16 22:00:00,64136.0,64221.3,63922.6,63939.5,3705.96
2026-07-16 23:00:00,63939.6,63978.6,63712.6,63801.0,6353.682
2026-07-17 00:00:00,63801.1,63890.4,63580.0,63862.9,6331.479
2026-07-17 01:00:00,63862.9,64041.6,63435.6,63510.8,8486.817
2026-07-17 02:00:00,63510.7,63628.0,63358.0,63457.5,5328.647
2026-07-17 03:00:00,63457.5,63693.2,63450.1,63538.1,3554.461
2026-07-17 04:00:00,63538.0,63560.0,63281.0,63460.0,5069.199
2026-07-17 05:00:00,63460.1,63460.1,62754.6,62807.3,15626.008
2026-07-17 06:00:00,62807.4,62961.7,62655.0,62915.4,10696.868
2026-07-17 07:00:00,62915.5,62947.1,62761.3,62792.9,4831.261
2026-07-17 08:00:00,62792.8,62905.0,62611.0,62857.5,6784.932
2026-07-17 09:00:00,62857.4,63039.8,62831.8,62962.2,4213.74
2026-07-17 10:00:00,62962.3,63165.9,62962.2,63146.9,4237.483
2026-07-17 11:00:00,63146.9,63337.4,63031.3,63273.2,5404.24
2026-07-17 12:00:00,63273.1,63320.0,63037.0,63073.9,5253.453
2026-07-17 13:00:00,63073.9,63155.8,62505.1,63128.6,16457.338
2026-07-17 14:00:00,63128.7,63496.0,63051.4,63142.5,11255.645
2026-07-17 15:00:00,63142.5,63432.5,62817.0,63432.4,9297.664
2026-07-17 16:00:00,63432.4,63681.3,63272.4,63553.7,9059.142
2026-07-17 17:00:00,63553.7,64194.6,63553.7,64011.8,12832.426
2026-07-17 18:00:00,64011.8,64356.7,63855.8,64220.1,8585.457
2026-07-17 19:00:00,64220.1,64226.1,63943.5,64121.4,4380.552
2026-07-17 20:00:00,64121.4,64165.7,63928.9,64086.1,3417.904
2026-07-17 21:00:00,64086.2,64188.2,64031.6,64070.6,1550.761
2026-07-17 22:00:00,64070.6,64117.5,63891.6,63952.8,1753.78
2026-07-17 23:00:00,63952.7,63985.0,63860.0,63909.9,1443.556
2026-07-18 00:00:00,63909.9,63991.0,63859.6,63881.6,1490.455
2026-07-18 01:00:00,63881.6,63980.0,63862.0,63929.2,1280.563
2026-07-18 02:00:00,63929.2,64014.9,63900.0,63931.5,1347.221
2026-07-18 03:00:00,63931.6,63995.8,63900.0,63989.5,1220.595
2026-07-18 04:00:00,63989.5,63992.8,63915.0,63946.3,780.402
2026-07-18 05:00:00,63946.3,63973.3,63894.3,63936.3,1075.625
2026-07-18 06:00:00,63936.3,63979.0,63914.1,63954.1,888.648
2026-07-18 07:00:00,63954.2,64000.0,63952.8,63980.1,1583.413
2026-07-18 08:00:00,63980.0,63997.8,63930.4,63977.2,1367.761
2026-07-18 09:00:00,63977.2,63985.0,63912.0,63961.2,1041.152
2026-07-18 10:00:00,63961.1,63990.0,63957.3,63981.2,581.795
2026-07-18 11:00:00,63981.2,64073.2,63981.2,64033.3,1101.39
2026-07-18 12:00:00,64033.2,64237.7,64019.4,64181.4,3668.169
2026-07-18 13:00:00,64181.5,64185.4,63925.2,64081.3,3187.123
2026-07-18 14:00:00,64081.2,64167.2,64065.8,64099.0,1539.936
2026-07-18 15:00:00,64099.0,64135.6,64000.0,64090.0,1415.443
2026-07-18 16:00:00,64090.0,64298.6,64054.5,64278.2,3832.348
2026-07-18 17:00:00,64278.3,64466.0,64250.3,64450.0,5266.335
2026-07-18 18:00:00,64450.0,64666.0,64424.5,64477.3,4442.025
2026-07-18 19:00:00,64477.4,64566.0,64445.5,64526.3,1721.549
2026-07-18 20:00:00,64526.4,64738.2,64467.2,64665.5,3210.202
2026-07-18 21:00:00,64665.5,64819.2,64584.2,64697.6,3096.293
2026-07-18 22:00:00,64697.5,64837.4,64680.6,64774.4,2034.289
2026-07-18 23:00:00,64774.3,64818.1,64677.7,64806.7,2054.006
2026-07-19 00:00:00,64806.7,64878.8,64750.0,64756.5,2842.165
2026-07-19 01:00:00,64756.5,64771.8,64750.0,64750.0,2790.617
2026-07-19 02:00:00,64750.0,64948.8,64672.4,64795.4,5032.332
2026-07-19 03:00:00,64795.5,64815.8,64594.6,64686.8,2849.995
2026-07-19 04:00:00,64686.8,64775.2,64580.4,64692.2,1668.466
2026-07-19 05:00:00,64692.2,64789.8,64643.4,64695.1,1325.774
2026-07-19 06:00:00,64695.0,64737.7,64670.0,64682.3,934.088
2026-07-19 07:00:00,64682.2,64759.3,64643.4,64692.2,1918.387
2026-07-19 08:00:00,64692.1,64723.5,64600.0,64678.1,2064.203
2026-07-19 09:00:00,64678.2,64694.0,64467.2,64495.2,3177.976
2026-07-19 10:00:00,64495.1,64677.7,64454.6,64561.4,2700.58
2026-07-19 11:00:00,64561.4,64610.0,64415.0,64445.7,2748.941
2026-07-19 12:00:00,64445.7,64445.7,64259.5,64417.5,4959.504
2026-07-19 13:00:00,64417.4,64497.9,64273.4,64453.0,2219.753
2026-07-19 14:00:00,64453.0,64633.0,64389.0,64561.1,2455.842
2026-07-19 15:00:00,64561.0,64594.7,64466.6,64545.2,1616.379
2026-07-19 16:00:00,64545.3,64624.8,64474.2,64510.7,1470.209
2026-07-19 17:00:00,64510.7,64733.0,64365.7,64520.0,3957.134
2026-07-19 18:00:00,64520.0,64529.1,64262.9,64399.8,3442.309
2026-07-19 19:00:00,64399.8,64442.2,64319.5,64438.1,1085.17
2026-07-19 20:00:00,64438.1,64534.3,64438.0,64515.9,1059.316
2026-07-19 21:00:00,64516.0,64539.0,64305.0,64393.7,1677.019
2026-07-19 22:00:00,64393.6,64874.9,64319.3,64642.7,6743.994
2026-07-19 23:00:00,64642.8,64748.1,64534.9,64694.7,2054.877
2026-07-20 00:00:00,64694.8,65084.6,64380.0,64526.0,9897.467
2026-07-20 01:00:00,64526.0,65011.0,64470.0,64594.7,5478.733
2026-07-20 02:00:00,64594.7,64940.0,64551.6,64800.1,4762.318
2026-07-20 03:00:00,64800.1,64887.0,64610.2,64839.4,2578.628
2026-07-20 04:00:00,64839.3,64843.4,64503.0,64511.3,3108.675
2026-07-20 05:00:00,64511.4,64536.1,64046.0,64101.7,9123.542
2026-07-20 06:00:00,64101.8,64198.3,63736.1,63890.0,10191.102
2026-07-20 07:00:00,63890.0,64285.5,63865.0,64250.0,5480.1
2026-07-20 08:00:00,64250.0,64337.0,63858.1,64031.4,8326.137
2026-07-20 09:00:00,64031.4,64260.0,63984.5,64176.6,3055.595
2026-07-20 10:00:00,64176.6,64393.2,64137.0,64280.5,3345.929
2026-07-20 11:00:00,64280.5,65048.3,64237.1,64970.8,13005.77
2026-07-20 12:00:00,64970.8,64982.0,64571.0,64627.2,10164.095
2026-07-20 13:00:00,64627.1,64737.5,64174.5,64315.0,9833.494
2026-07-20 14:00:00,64315.0,64550.0,64034.3,64393.0,7606.114
2026-07-20 15:00:00,64393.0,65688.0,64386.8,65570.1,26658.588
2026-07-20 16:00:00,65570.1,65615.5,65301.8,65478.6,10648.534
2026-07-20 17:00:00,65478.6,65642.0,65313.9,65560.0,6542.949
2026-07-20 18:00:00,65560.0,65788.0,65168.0,65215.8,11084.442
2026-07-20 19:00:00,65215.7,65256.1,65011.4,65119.3,7696.738
2026-07-20 20:00:00,65119.3,65435.3,65030.2,65344.7,4390.078
2026-07-20 21:00:00,65344.8,65416.4,65241.6,65258.5,1872.846
2026-07-20 22:00:00,65258.4,65258.5,65061.2,65118.7,2625.107
2026-07-20 23:00:00,65118.8,65244.9,65098.8,65224.8,2029.166
2026-07-21 00:00:00,65224.7,65561.0,65115.3,65538.9,4344.322
2026-07-21 01:00:00,65538.8,65634.4,65202.1,65205.1,4372.902
2026-07-21 02:00:00,65205.1,65479.5,65145.1,65386.4,3325.329
2026-07-21 03:00:00,65386.4,65572.2,65380.0,65539.5,3014.818
2026-07-21 04:00:00,65539.5,65723.0,65453.5,65494.2,4594.005
2026-07-21 05:00:00,65494.2,65927.9,65460.1,65724.9,6383.305
2026-07-21 06:00:00,65724.8,65970.0,65604.8,65892.4,5914.487
2026-07-21 07:00:00,65892.5,66240.0,65828.2,66166.9,10295.944
2026-07-21 08:00:00,66166.8,66337.8,66103.4,66200.0,9095.828
2026-07-21 09:00:00,66199.9,66320.4,66110.0,66261.2,3769.983
2026-07-21 10:00:00,66261.3,66390.0,66145.5,66161.1,6340.189
2026-07-21 11:00:00,66161.0,66333.0,66117.1,66317.9,3759.054
2026-07-21 12:00:00,66317.9,66618.0,66236.0,66527.7,7956.073
2026-07-21 13:00:00,66527.7,66777.0,66290.4,66748.8,11900.874
2026-07-21 14:00:00,66748.7,66924.1,66609.0,66804.3,13494.794
2026-07-21 15:00:00,66804.3,66804.4,66487.9,66648.5,6212.963
2026-07-21 16:00:00,66648.5,66736.7,66428.5,66507.1,4088.719
2026-07-21 17:00:00,66507.1,66537.1,65939.0,66181.1,12541.97
2026-07-21 18:00:00,66181.1,66333.0,66071.2,66287.5,4476.6
2026-07-21 19:00:00,66287.6,66467.4,66230.0,66409.5,3604.885
2026-07-21 20:00:00,66409.5,66465.6,66326.3,66373.8,1670.198
2026-07-21 21:00:00,66373.8,66380.8,66261.7,66352.4,2220.28
2026-07-21 22:00:00,66352.4,66352.6,66172.0,66271.2,2432.153
2026-07-21 23:00:00,66271.3,66544.8,66200.0,66522.4,3085.24
2026-07-22 00:00:00,66522.3,66711.0,66503.9,66591.7,4924.6
2026-07-22 01:00:00,66591.8,66629.3,66253.0,66399.9,3861.949
2026-07-22 02:00:00,66399.9,66513.8,66264.9,66283.2,2039.117
2026-07-22 03:00:00,66283.2,66343.4,66141.7,66176.7,2975.392
2026-07-22 04:00:00,66176.6,66399.0,66161.4,66349.3,1913.639
2026-07-22 05:00:00,66349.2,66349.3,65909.1,65954.5,7960.255
2026-07-22 06:00:00,65954.4,66000.0,65800.1,65906.8,6026.171
2026-07-22 07:00:00,65906.7,65941.5,65668.6,65813.4,6294.319
2026-07-22 08:00:00,65813.4,66140.5,65813.4,65953.5,5831.709
2026-07-22 09:00:00,65953.4,66053.2,65816.4,65896.4,3223.673
2026-07-22 10:00:00,65896.3,66077.3,65861.4,66016.2,7121.677
2026-07-22 11:00:00,66016.2,66057.9,65872.1,65981.4,3175.036
2026-07-22 12:00:00,65981.3,65986.0,65505.0,65604.2,7832.203
2026-07-22 13:00:00,65604.1,65956.0,65531.7,65924.9,8594.386
2026-07-22 14:00:00,65924.9,66190.4,65556.3,65770.2,10598.179
2026-07-22 15:00:00,65770.2,66100.0,65770.0,66014.8,6873.918
2026-07-22 16:00:00,66014.8,66363.6,65877.0,66199.7,7769.463
2026-07-22 17:00:00,66199.8,66249.3,65912.6,65997.5,3809.016
2026-07-22 18:00:00,65997.5,66052.8,65701.2,65860.5,4340.972
2026-07-22 19:00:00,65860.6,65924.0,65650.2,65891.1,3197.039
2026-07-22 20:00:00,65891.2,65954.3,65753.0,65887.8,2320.046
2026-07-22 21:00:00,65887.8,66103.1,65853.2,66034.5,2201.826
2026-07-22 22:00:00,66034.5,66046.0,65891.8,66013.8,1660.556
2026-07-22 23:00:00,66013.9,66116.5,65808.5,66082.0,2265.474
2026-07-23 00:00:00,66082.0,66284.1,66020.0,66023.8,4469.351
2026-07-23 01:00:00,66023.8,66180.0,65715.9,65793.8,5399.416
2026-07-23 02:00:00,65793.7,65808.9,65616.3,65777.4,3027.886
2026-07-23 03:00:00,65777.4,65788.2,65548.0,65626.8,3847.55
2026-07-23 04:00:00,65626.7,65710.0,65558.0,65585.3,2534.037
2026-07-23 05:00:00,65585.4,65764.8,65543.1,65663.9,2512.364
2026-07-23 06:00:00,65663.9,65793.7,65593.9,65763.2,2021.415
2026-07-23 07:00:00,65763.3,65763.3,65313.7,65405.3,8530.657
2026-07-23 08:00:00,65405.3,65637.2,65383.6,65605.9,3577.763
2026-07-23 09:00:00,65605.8,65732.3,65573.8,65607.9,3031.028
2026-07-23 10:00:00,65607.9,65756.6,65555.1,65704.2,2837.969
2026-07-23 11:00:00,65704.1,65709.4,65511.0,65525.4,2374.826
2026-07-23 12:00:00,65525.4,65557.8,64927.3,65138.0,15552.526
2026-07-23 13:00:00,65138.0,65215.3,64839.1,64858.6,14102.63
2026-07-23 14:00:00,64858.7,65197.0,64801.0,64884.6,11702.687
2026-07-23 15:00:00,64884.7,65003.6,64696.2,64940.4,10141.344
2026-07-23 16:00:00,64940.4,64940.5,64688.0,64731.4,4677.967
2026-07-23 17:00:00,64731.5,64877.6,64636.0,64654.4,4543.014
2026-07-23 18:00:00,64654.4,64924.9,64654.3,64842.5,3309.665
2026-07-23 19:00:00,64842.5,64908.1,64670.0,64820.7,3454.039
2026-07-23 20:00:00,64820.7,65176.0,64809.7,65117.7,5482.38
2026-07-23 21:00:00,65117.6,65183.1,64979.9,65137.4,2461.061
2026-07-23 22:00:00,65137.4,65193.5,64976.7,65158.2,3003.047
2026-07-23 23:00:00,65158.2,65189.5,65018.8,65069.6,2173.156
2026-07-24 00:00:00,65069.6,65084.0,64733.2,64953.1,4831.001
2026-07-24 01:00:00,64953.0,65146.4,64912.4,65053.2,3089.748
2026-07-24 02:00:00,65053.2,65164.8,64890.5,65091.8,3231.376
2026-07-24 03:00:00,65091.8,65436.8,65045.0,65425.4,7118.962
2026-07-24 04:00:00,65425.5,65440.0,65235.4,65281.9,3917.507
2026-07-24 05:00:00,65282.0,65365.9,65213.0,65282.3,1810.83
2026-07-24 06:00:00,65282.4,65490.0,65245.6,65441.6,3572.79
2026-07-24 07:00:00,65441.6,65780.0,65338.0,65470.0,12855.234
2026-07-24 08:00:00,65470.1,65477.2,65274.5,65274.6,3662.526
2026-07-24 09:00:00,65274.6,65290.7,64919.7,65088.1,7663.998
2026-07-24 10:00:00,65088.2,65132.2,64878.0,64927.8,3324.749
2026-07-24 11:00:00,64927.7,65073.6,64821.9,65045.7,4034.095
2026-07-24 12:00:00,65045.7,65110.1,64707.5,64746.6,4732.922
2026-07-24 13:00:00,64746.5,64774.5,63882.3,64129.1,29360.681
2026-07-24 14:00:00,64129.1,64170.0,63666.0,64031.4,18282.036
2026-07-24 15:00:00,64031.3,64305.8,63824.3,64065.1,15421.724
2026-07-24 16:00:00,64065.1,64176.5,63854.3,63930.4,5378.185
2026-07-24 17:00:00,63930.3,64177.9,63882.6,64154.9,3685.779
2026-07-24 18:00:00,64154.9,64262.3,64104.1,64242.8,3081.464
2026-07-24 19:00:00,64242.7,64266.9,64113.4,64199.5,2530.206
2026-07-24 20:00:00,64199.5,64260.1,64105.0,64139.6,2090.567
2026-07-24 21:00:00,64139.6,64195.1,64098.7,64112.2,1832.95
2026-07-24 22:00:00,64112.2,64187.6,64098.7,64132.7,1039.951
2026-07-24 23:00:00,64132.8,64155.0,64102.2,64116.5,988.191
2026-07-25 00:00:00,64116.5,64155.0,64005.4,64049.6,6490.967
2026-07-25 01:00:00,64049.6,64135.0,63977.0,64039.2,2142.025
2026-07-25 02:00:00,64039.1,64072.3,63988.4,64010.5,1372.173
2026-07-25 03:00:00,64010.5,64073.7,63988.4,64052.9,1221.84
2026-07-25 04:00:00,64053.0,64181.0,64052.9,64146.9,1255.783
2026-07-25 05:00:00,64147.0,64166.6,63940.7,63990.1,1755.924
2026-07-25 06:00:00,63990.0,64032.0,63933.2,63982.9,1842.202
2026-07-25 07:00:00,63982.9,64005.5,63966.8,63972.9,1138.406
2026-07-25 08:00:00,63973.0,63973.1,63760.5,63844.3,3567.434
2026-07-25 09:00:00,63844.4,64000.0,63794.2,63973.9,2160.102
2026-07-25 10:00:00,63973.8,64039.7,63959.3,64039.6,1751.971
2026-07-25 11:00:00,64039.6,64078.5,64014.7,64031.3,1213.513
2026-07-25 12:00:00,64031.2,64088.2,64006.2,64088.2,1166.645
2026-07-25 13:00:00,64088.1,64236.8,64072.2,64136.9,2768.49
2026-07-25 14:00:00,64136.8,64187.4,64079.2,64177.7,1570.678
2026-07-25 15:00:00,64177.7,64243.6,64135.5,64150.0,1961.221
2026-07-25 16:00:00,64150.1,64219.0,64092.2,64180.9,1548.05
2026-07-25 17:00:00,64180.8,64330.2,64162.1,64236.6,2620.615
2026-07-25 18:00:00,64236.7,64417.1,64236.7,64391.4,2559.51
2026-07-25 19:00:00,64391.3,64410.0,64351.4,64359.6,1546.182
2026-07-25 20:00:00,64359.7,64367.8,64282.9,64303.9,1212.571
2026-07-25 21:00:00,64304.0,64407.1,64233.0,64318.5,1521.137
2026-07-25 22:00:00,64318.6,64393.0,64318.5,64377.6,868.254
2026-07-25 23:00:00,64377.7,64393.4,64331.9,64338.1,991.941
2026-07-26 00:00:00,64338.0,64482.7,64317.9,64482.6,1921.435
2026-07-26 01:00:00,64482.7,64514.1,64422.6,64434.3,1584.646
2026-07-26 02:00:00,64434.3,64500.0,64394.0,64490.6,1140.605
2026-07-26 03:00:00,64490.6,64553.9,64453.2,64518.8,1560.582
2026-07-26 04:00:00,64518.9,64566.0,64452.9,64493.1,1510.232
2026-07-26 05:00:00,64493.2,64493.2,64359.3,64386.0,2022.339
2026-07-26 06:00:00,64386.0,64428.7,64256.4,64408.9,3152.044
2026-07-26 07:00:00,64409.0,64439.1,64313.5,64341.2,1444.629
2026-07-26 08:00:00,64341.3,64467.5,64320.2,64450.1,1158.466
2026-07-26 09:00:00,64450.0,64525.2,64450.0,64512.3,1615.264
2026-07-26 10:00:00,64512.3,64557.3,64472.4,64490.9,1709.222
2026-07-26 11:00:00,64491.0,64507.2,64470.0,64481.4,968.837
2026-07-26 12:00:00,64481.5,64639.0,64405.9,64434.2,3951.26
2026-07-26 13:00:00,64434.2,64548.3,64379.7,64491.8,2041.798
2026-07-26 14:00:00,64491.9,64748.3,64491.8,64687.2,5026.726
2026-07-26 15:00:00,64687.2,64819.3,64640.0,64733.6,3665.271
2026-07-26 16:00:00,64733.5,64909.0,64670.1,64700.0,4283.747
2026-07-26 17:00:00,64700.0,64769.1,64639.9,64663.2,2119.427
2026-07-26 18:00:00,64663.3,64749.4,64634.0,64706.8,1135.743
2026-07-26 19:00:00,64706.8,64729.4,64638.8,64665.5,791.484
2026-07-26 20:00:00,64665.6,64676.2,64606.3,64621.3,748.268
2026-07-26 21:00:00,64621.2,64897.1,64621.2,64821.7,1929.004
2026-07-26 22:00:00,64821.7,65480.0,64821.7,65384.7,13652.278
2026-07-26 23:00:00,65384.7,65555.0,65245.6,65375.1,6629.856
2026-07-27 00:00:00,65375.2,65398.8,65033.0,65106.0,5619.723
2026-07-27 01:00:00,65106.0,65196.7,64872.0,65179.8,5474.232
2026-07-27 02:00:00,65179.9,65254.4,65088.0,65145.7,2410.619
2026-07-27 03:00:00,65145.6,65344.0,65143.5,65261.5,2331.283
2026-07-27 04:00:00,65261.5,65484.6,65216.0,65257.2,3606.45
2026-07-27 05:00:00,65257.2,65468.2,65251.0,65434.3,2052.379
2026-07-27 06:00:00,65434.2,65722.5,65377.5,65388.0,6825.399
2026-07-27 07:00:00,65388.0,65421.3,65190.0,65195.9,4161.868
2026-07-27 08:00:00,65196.0,65234.0,65092.3,65133.0,3777.889
2026-07-27 09:00:00,65132.9,65315.7,65066.3,65234.4,3233.697
2026-07-27 10:00:00,65234.5,65412.8,65202.1,65314.7,2361.136
2026-07-27 11:00:00,65314.7,65314.8,65061.1,65073.1,2731.686
2026-07-27 12:00:00,65073.1,65240.2,64968.1,64970.6,3904.523
